# Water quality, June-September (summer) mean per site and year, from the Waterbase
# v2025_1 disaggregated (individual-sample) data. German sites on a study river within
# 50 km of a study reactor; determinand in {water_temperature (Cel), dissolved_oxygen (mg/L)}.
# n_samples is the number of underlying measurements. Built by waterbase_disaggregated.py.
site_id,site_name,water_body_name,latitude,longitude,study_river,position,nearest_upstream_plant,nearest_upstream_group,along_river_km,distance_band,determinand,year,mean_value,n_samples
DE5869,NEUENFELDE,SEEVE - ESTE,53.51386,9.80207,Elbe,upstream,,,,,dissolved_oxygen,2008,0.14,1
DEGM_BY_1131703700020,KEIN NAME,NAME,48.94573,11.98303,Danube,downstream,Gundremmingen B,staggered_treatment,126.3,>50,dissolved_oxygen,2012,1.4,1
DEGM_BY_1131703700020,KEIN NAME,NAME,48.94573,11.98303,Danube,downstream,Gundremmingen B,staggered_treatment,126.3,>50,dissolved_oxygen,2013,1.5,1
DEGM_BY_1131703700020,KEIN NAME,NAME,48.94573,11.98303,Danube,downstream,Gundremmingen B,staggered_treatment,126.3,>50,dissolved_oxygen,2014,1.6,1
DEGM_BY_1131703700020,KEIN NAME,NAME,48.94573,11.98303,Danube,downstream,Gundremmingen B,staggered_treatment,126.3,>50,dissolved_oxygen,2020,1.6,1
DEGM_BY_1131703700020,KEIN NAME,NAME,48.94573,11.98303,Danube,downstream,Gundremmingen B,staggered_treatment,126.3,>50,dissolved_oxygen,2021,2.0,1
DEGM_BY_1131703700020,KEIN NAME,NAME,48.94573,11.98303,Danube,downstream,Gundremmingen B,staggered_treatment,126.3,>50,dissolved_oxygen,2023,3.3,1
DEGM_BY_1131734000021,KEIN NAME,NAME,48.6303,12.49426,Isar,downstream,Isar 1,partial,14.3,10-25,dissolved_oxygen,2013,5.4,1
DEGM_BY_1131734000021,KEIN NAME,NAME,48.6303,12.49426,Isar,downstream,Isar 1,partial,14.3,10-25,dissolved_oxygen,2015,5.3,1
DEGM_BY_1131734000021,KEIN NAME,NAME,48.6303,12.49426,Isar,downstream,Isar 1,partial,14.3,10-25,dissolved_oxygen,2016,5.3,1
DEGM_BY_1131734000021,KEIN NAME,NAME,48.6303,12.49426,Isar,downstream,Isar 1,partial,14.3,10-25,dissolved_oxygen,2020,6.3,1
DEGM_BY_1131734000021,KEIN NAME,NAME,48.6303,12.49426,Isar,downstream,Isar 1,partial,14.3,10-25,dissolved_oxygen,2021,5.2,1
DEGM_BY_1131734000021,KEIN NAME,NAME,48.6303,12.49426,Isar,downstream,Isar 1,partial,14.3,10-25,dissolved_oxygen,2022,3.9,1
DEGM_DEBW_1251-305-8,BR NORD BEREGNUNGSVERBAND DOSSENHEIM,NAME,49.45773,8.65689,Neckar,downstream,Neckarwestheim 1,partial,58.9,>50,dissolved_oxygen,2012,6.7,1
DEGM_DEBW_1251-305-8,BR NORD BEREGNUNGSVERBAND DOSSENHEIM,NAME,49.45773,8.65689,Neckar,downstream,Neckarwestheim 1,partial,58.9,>50,dissolved_oxygen,2013,6.0,1
DEGM_DEBW_1251-305-8,BR NORD BEREGNUNGSVERBAND DOSSENHEIM,NAME,49.45773,8.65689,Neckar,downstream,Neckarwestheim 1,partial,58.9,>50,dissolved_oxygen,2014,6.7,1
DEGM_DEBW_1251-305-8,BR NORD BEREGNUNGSVERBAND DOSSENHEIM,NAME,49.45773,8.65689,Neckar,downstream,Neckarwestheim 1,partial,58.9,>50,dissolved_oxygen,2015,6.0,1
DEGM_DEBW_1251-305-8,BR NORD BEREGNUNGSVERBAND DOSSENHEIM,NAME,49.45773,8.65689,Neckar,downstream,Neckarwestheim 1,partial,58.9,>50,dissolved_oxygen,2016,6.6,1
DEGM_DEBW_1251-305-8,BR NORD BEREGNUNGSVERBAND DOSSENHEIM,NAME,49.45773,8.65689,Neckar,downstream,Neckarwestheim 1,partial,58.9,>50,dissolved_oxygen,2017,6.2,1
DEGM_DEBW_1251-305-8,BR NORD BEREGNUNGSVERBAND DOSSENHEIM,NAME,49.45773,8.65689,Neckar,downstream,Neckarwestheim 1,partial,58.9,>50,dissolved_oxygen,2018,7.2,1
DEGM_DEBW_1251-305-8,BR NORD BEREGNUNGSVERBAND DOSSENHEIM,NAME,49.45773,8.65689,Neckar,downstream,Neckarwestheim 1,partial,58.9,>50,dissolved_oxygen,2019,6.0,1
DEGM_DEBW_1251-305-8,BR NORD BEREGNUNGSVERBAND DOSSENHEIM,NAME,49.45773,8.65689,Neckar,downstream,Neckarwestheim 1,partial,58.9,>50,dissolved_oxygen,2020,6.0,1
DEGM_DEBW_1251-305-8,BR NORD BEREGNUNGSVERBAND DOSSENHEIM,NAME,49.45773,8.65689,Neckar,downstream,Neckarwestheim 1,partial,58.9,>50,dissolved_oxygen,2022,6.2,1
DEGM_DEBW_1251-305-8,BR NORD BEREGNUNGSVERBAND DOSSENHEIM,NAME,49.45773,8.65689,Neckar,downstream,Neckarwestheim 1,partial,58.9,>50,dissolved_oxygen,2023,5.7,1
DEGM_DEBW_1251-305-8,BR NORD BEREGNUNGSVERBAND DOSSENHEIM,NAME,49.45773,8.65689,Neckar,downstream,Neckarwestheim 1,partial,58.9,>50,dissolved_oxygen,2024,5.9,1
DEGM_DEBW_133-254-6,GWM FLACH KIRSCHGARTSHAUSEN KAELBERWEIDE MASANDHOFEN,NAME,49.58248,8.44112,Rhine,downstream,Philippsburg 1,partial,36.5,25-50,dissolved_oxygen,2009,0.5,1
DEGM_DEBW_133-254-6,GWM FLACH KIRSCHGARTSHAUSEN KAELBERWEIDE MASANDHOFEN,NAME,49.58248,8.44112,Rhine,downstream,Philippsburg 1,partial,36.5,25-50,dissolved_oxygen,2010,0.45,2
DEGM_DEBW_133-254-6,GWM FLACH KIRSCHGARTSHAUSEN KAELBERWEIDE MASANDHOFEN,NAME,49.58248,8.44112,Rhine,downstream,Philippsburg 1,partial,36.5,25-50,dissolved_oxygen,2011,0.5,1
DEGM_DEBW_133-254-6,GWM FLACH KIRSCHGARTSHAUSEN KAELBERWEIDE MASANDHOFEN,NAME,49.58248,8.44112,Rhine,downstream,Philippsburg 1,partial,36.5,25-50,dissolved_oxygen,2012,0.2,1
DEGM_DEBW_133-254-6,GWM FLACH KIRSCHGARTSHAUSEN KAELBERWEIDE MASANDHOFEN,NAME,49.58248,8.44112,Rhine,downstream,Philippsburg 1,partial,36.5,25-50,dissolved_oxygen,2016,0.2,1
DEGM_DEBW_133-254-6,GWM FLACH KIRSCHGARTSHAUSEN KAELBERWEIDE MASANDHOFEN,NAME,49.58248,8.44112,Rhine,downstream,Philippsburg 1,partial,36.5,25-50,dissolved_oxygen,2017,0.1,1
DEGM_DEBW_133-254-6,GWM FLACH KIRSCHGARTSHAUSEN KAELBERWEIDE MASANDHOFEN,NAME,49.58248,8.44112,Rhine,downstream,Philippsburg 1,partial,36.5,25-50,dissolved_oxygen,2020,0.2,1
DEGM_DEBW_133-254-6,GWM FLACH KIRSCHGARTSHAUSEN KAELBERWEIDE MASANDHOFEN,NAME,49.58248,8.44112,Rhine,downstream,Philippsburg 1,partial,36.5,25-50,dissolved_oxygen,2022,0.1,1
DEGM_DEBW_133-254-6,GWM FLACH KIRSCHGARTSHAUSEN KAELBERWEIDE MASANDHOFEN,NAME,49.58248,8.44112,Rhine,downstream,Philippsburg 1,partial,36.5,25-50,dissolved_oxygen,2024,0.1,1
DEGM_DEBW_31-510-1,TB I HOHES GESTAD BEIHINGEN,NAME,48.94337,9.21894,Neckar,upstream,,,,,dissolved_oxygen,2012,6.1,1
DEGM_DEBW_31-510-1,TB I HOHES GESTAD BEIHINGEN,NAME,48.94337,9.21894,Neckar,upstream,,,,,dissolved_oxygen,2013,6.5,1
DEGM_DEBW_31-510-1,TB I HOHES GESTAD BEIHINGEN,NAME,48.94337,9.21894,Neckar,upstream,,,,,dissolved_oxygen,2014,5.3,1
DEGM_DEBW_31-510-1,TB I HOHES GESTAD BEIHINGEN,NAME,48.94337,9.21894,Neckar,upstream,,,,,dissolved_oxygen,2016,5.4,1
DEGM_DEBW_31-510-1,TB I HOHES GESTAD BEIHINGEN,NAME,48.94337,9.21894,Neckar,upstream,,,,,dissolved_oxygen,2017,4.8,1
DEGM_DEBW_31-510-1,TB I HOHES GESTAD BEIHINGEN,NAME,48.94337,9.21894,Neckar,upstream,,,,,dissolved_oxygen,2018,4.9,1
DEGM_DEBW_31-510-1,TB I HOHES GESTAD BEIHINGEN,NAME,48.94337,9.21894,Neckar,upstream,,,,,dissolved_oxygen,2019,4.9,1
DEGM_DEBW_31-510-1,TB I HOHES GESTAD BEIHINGEN,NAME,48.94337,9.21894,Neckar,upstream,,,,,dissolved_oxygen,2020,4.7,1
DEGM_DEBW_31-510-1,TB I HOHES GESTAD BEIHINGEN,NAME,48.94337,9.21894,Neckar,upstream,,,,,dissolved_oxygen,2021,4.8,1
DEGM_DEBW_31-510-1,TB I HOHES GESTAD BEIHINGEN,NAME,48.94337,9.21894,Neckar,upstream,,,,,dissolved_oxygen,2022,4.7,1
DEGM_DEBW_31-510-1,TB I HOHES GESTAD BEIHINGEN,NAME,48.94337,9.21894,Neckar,upstream,,,,,dissolved_oxygen,2023,4.3,1
DEGM_DEBW_31-510-1,TB I HOHES GESTAD BEIHINGEN,NAME,48.94337,9.21894,Neckar,upstream,,,,,dissolved_oxygen,2024,5.1,1
DEGM_DEBW_44-602-0,BBR IV WV STADTWERKE WERTHEIM GMBH DERTINGEN,NAME,49.76907,9.59709,Main,downstream,Grafenrheinfeld,staggered_treatment,37.0,25-50,dissolved_oxygen,2012,6.5,1
DEGM_DEBW_44-602-0,BBR IV WV STADTWERKE WERTHEIM GMBH DERTINGEN,NAME,49.76907,9.59709,Main,downstream,Grafenrheinfeld,staggered_treatment,37.0,25-50,dissolved_oxygen,2014,8.7,1
DEGM_DEBW_44-602-0,BBR IV WV STADTWERKE WERTHEIM GMBH DERTINGEN,NAME,49.76907,9.59709,Main,downstream,Grafenrheinfeld,staggered_treatment,37.0,25-50,dissolved_oxygen,2015,7.35,2
DEGM_DEBW_44-602-0,BBR IV WV STADTWERKE WERTHEIM GMBH DERTINGEN,NAME,49.76907,9.59709,Main,downstream,Grafenrheinfeld,staggered_treatment,37.0,25-50,dissolved_oxygen,2016,8.2,1
DEGM_DEBW_44-602-0,BBR IV WV STADTWERKE WERTHEIM GMBH DERTINGEN,NAME,49.76907,9.59709,Main,downstream,Grafenrheinfeld,staggered_treatment,37.0,25-50,dissolved_oxygen,2017,8.6,1
DEGM_DEBW_44-602-0,BBR IV WV STADTWERKE WERTHEIM GMBH DERTINGEN,NAME,49.76907,9.59709,Main,downstream,Grafenrheinfeld,staggered_treatment,37.0,25-50,dissolved_oxygen,2018,8.6,1
DEGM_DEBW_44-602-0,BBR IV WV STADTWERKE WERTHEIM GMBH DERTINGEN,NAME,49.76907,9.59709,Main,downstream,Grafenrheinfeld,staggered_treatment,37.0,25-50,dissolved_oxygen,2019,7.8,1
DEGM_DEBW_44-602-0,BBR IV WV STADTWERKE WERTHEIM GMBH DERTINGEN,NAME,49.76907,9.59709,Main,downstream,Grafenrheinfeld,staggered_treatment,37.0,25-50,dissolved_oxygen,2020,8.6,1
DEGM_DEBW_44-602-0,BBR IV WV STADTWERKE WERTHEIM GMBH DERTINGEN,NAME,49.76907,9.59709,Main,downstream,Grafenrheinfeld,staggered_treatment,37.0,25-50,dissolved_oxygen,2021,8.0,1
DEGM_DEBW_44-602-0,BBR IV WV STADTWERKE WERTHEIM GMBH DERTINGEN,NAME,49.76907,9.59709,Main,downstream,Grafenrheinfeld,staggered_treatment,37.0,25-50,dissolved_oxygen,2022,7.8,1
DEGM_DEBW_44-602-0,BBR IV WV STADTWERKE WERTHEIM GMBH DERTINGEN,NAME,49.76907,9.59709,Main,downstream,Grafenrheinfeld,staggered_treatment,37.0,25-50,dissolved_oxygen,2024,7.8,1
DEGM_DEBY_1131603000044,KEIN NAME,NAME,49.93403,10.77128,Main,upstream,,,,,dissolved_oxygen,2010,0.2,1
DEGM_DEBY_1131603000044,KEIN NAME,NAME,49.93403,10.77128,Main,upstream,,,,,dissolved_oxygen,2013,0.9,1
DEGM_DEBY_1131603000044,KEIN NAME,NAME,49.93403,10.77128,Main,upstream,,,,,dissolved_oxygen,2014,0.2,1
DEGM_DEBY_1131603000044,KEIN NAME,NAME,49.93403,10.77128,Main,upstream,,,,,dissolved_oxygen,2015,0.3,1
DEGM_DEBY_1131603000044,KEIN NAME,NAME,49.93403,10.77128,Main,upstream,,,,,dissolved_oxygen,2016,0.3,1
DEGM_DEBY_1131603000044,KEIN NAME,NAME,49.93403,10.77128,Main,upstream,,,,,dissolved_oxygen,2018,0.3,1
DEGM_DEBY_1131603000044,KEIN NAME,NAME,49.93403,10.77128,Main,upstream,,,,,dissolved_oxygen,2019,0.3,1
DEGM_DEBY_1131603000044,KEIN NAME,NAME,49.93403,10.77128,Main,upstream,,,,,dissolved_oxygen,2020,0.6,1
DEGM_DEBY_1131603000044,KEIN NAME,NAME,49.93403,10.77128,Main,upstream,,,,,dissolved_oxygen,2022,0.2,1
DEGM_DEBY_1131603000044,KEIN NAME,NAME,49.93403,10.77128,Main,upstream,,,,,dissolved_oxygen,2024,0.3,1
DEGM_DEBY_1131713600015,KEIN NAME,NAME,48.85906,11.8038,Danube,downstream,Gundremmingen B,staggered_treatment,110.3,>50,dissolved_oxygen,2010,4.8,1
DEGM_DEBY_1131713600015,KEIN NAME,NAME,48.85906,11.8038,Danube,downstream,Gundremmingen B,staggered_treatment,110.3,>50,dissolved_oxygen,2013,6.3,1
DEGM_DEBY_1131713600015,KEIN NAME,NAME,48.85906,11.8038,Danube,downstream,Gundremmingen B,staggered_treatment,110.3,>50,dissolved_oxygen,2014,4.5,1
DEGM_DEBY_1131713600015,KEIN NAME,NAME,48.85906,11.8038,Danube,downstream,Gundremmingen B,staggered_treatment,110.3,>50,dissolved_oxygen,2021,5.3,1
DEGM_DEBY_1131713600015,KEIN NAME,NAME,48.85906,11.8038,Danube,downstream,Gundremmingen B,staggered_treatment,110.3,>50,dissolved_oxygen,2022,4.6,1
DEGM_DEBY_1131713600015,KEIN NAME,NAME,48.85906,11.8038,Danube,downstream,Gundremmingen B,staggered_treatment,110.3,>50,dissolved_oxygen,2023,4.7,1
DEGM_DEBY_1131713600015,KEIN NAME,NAME,48.85906,11.8038,Danube,downstream,Gundremmingen B,staggered_treatment,110.3,>50,dissolved_oxygen,2024,4.8,1
DEGM_DEBY_4110592700159,KEIN NAME,NAME,50.03437,10.26596,Main,upstream,,,,,dissolved_oxygen,2012,4.1,1
DEGM_DEBY_4110592700159,KEIN NAME,NAME,50.03437,10.26596,Main,upstream,,,,,dissolved_oxygen,2013,1.0,1
DEGM_DEBY_4110592700159,KEIN NAME,NAME,50.03437,10.26596,Main,upstream,,,,,dissolved_oxygen,2023,1.0,1
DEGM_DEBY_4110592700159,KEIN NAME,NAME,50.03437,10.26596,Main,upstream,,,,,dissolved_oxygen,2024,0.2,1
DEGM_DEBY_4110622600018,KEIN NAME,NAME,49.72086,10.1391,Main,upstream,,,,,dissolved_oxygen,2012,5.5,1
DEGM_DEBY_4110622600018,KEIN NAME,NAME,49.72086,10.1391,Main,upstream,,,,,dissolved_oxygen,2013,5.4,1
DEGM_DEBY_4110622600018,KEIN NAME,NAME,49.72086,10.1391,Main,upstream,,,,,dissolved_oxygen,2014,7.9,1
DEGM_DEBY_4110622600018,KEIN NAME,NAME,49.72086,10.1391,Main,upstream,,,,,dissolved_oxygen,2015,3.3,1
DEGM_DEBY_4110622600018,KEIN NAME,NAME,49.72086,10.1391,Main,upstream,,,,,dissolved_oxygen,2019,1.8,1
DEGM_DEBY_4110622600018,KEIN NAME,NAME,49.72086,10.1391,Main,upstream,,,,,dissolved_oxygen,2020,2.7,1
DEGM_DEBY_4110622600018,KEIN NAME,NAME,49.72086,10.1391,Main,upstream,,,,,dissolved_oxygen,2021,2.6,1
DEGM_DEBY_4110622600018,KEIN NAME,NAME,49.72086,10.1391,Main,upstream,,,,,dissolved_oxygen,2022,4.85,2
DEGM_DEBY_4110622600018,KEIN NAME,NAME,49.72086,10.1391,Main,upstream,,,,,dissolved_oxygen,2023,4.7,2
DEGM_DEBY_4110632600034,KEIN NAME,NAME,49.66372,10.10771,Main,upstream,,,,,dissolved_oxygen,2008,4.0,1
DEGM_DEBY_4110632600034,KEIN NAME,NAME,49.66372,10.10771,Main,upstream,,,,,dissolved_oxygen,2010,4.6,1
DEGM_DEBY_4110632600034,KEIN NAME,NAME,49.66372,10.10771,Main,upstream,,,,,dissolved_oxygen,2012,6.6,1
DEGM_DEBY_4110632600034,KEIN NAME,NAME,49.66372,10.10771,Main,upstream,,,,,dissolved_oxygen,2013,5.4,1
DEGM_DEBY_4110632600034,KEIN NAME,NAME,49.66372,10.10771,Main,upstream,,,,,dissolved_oxygen,2014,5.5,1
DEGM_DEBY_4110632600034,KEIN NAME,NAME,49.66372,10.10771,Main,upstream,,,,,dissolved_oxygen,2016,3.8,1
DEGM_DEBY_4110632600034,KEIN NAME,NAME,49.66372,10.10771,Main,upstream,,,,,dissolved_oxygen,2018,3.0,1
DEGM_DEBY_4110632600034,KEIN NAME,NAME,49.66372,10.10771,Main,upstream,,,,,dissolved_oxygen,2019,5.4,1
DEGM_DEBY_4110632600034,KEIN NAME,NAME,49.66372,10.10771,Main,upstream,,,,,dissolved_oxygen,2020,3.6,1
DEGM_DEBY_4110632600034,KEIN NAME,NAME,49.66372,10.10771,Main,upstream,,,,,dissolved_oxygen,2023,5.1,1
DEGM_DEBY_4110704000002,KEIN NAME,NAME,48.99143,12.3716,Danube,downstream,Gundremmingen B,staggered_treatment,154.7,>50,dissolved_oxygen,2008,4.5,1
DEGM_DEBY_4110704000002,KEIN NAME,NAME,48.99143,12.3716,Danube,downstream,Gundremmingen B,staggered_treatment,154.7,>50,dissolved_oxygen,2009,4.5,1
DEGM_DEBY_4110704000002,KEIN NAME,NAME,48.99143,12.3716,Danube,downstream,Gundremmingen B,staggered_treatment,154.7,>50,dissolved_oxygen,2012,4.5,1
DEGM_DEBY_4110704000002,KEIN NAME,NAME,48.99143,12.3716,Danube,downstream,Gundremmingen B,staggered_treatment,154.7,>50,dissolved_oxygen,2013,5.7,1
DEGM_DEBY_4110704000002,KEIN NAME,NAME,48.99143,12.3716,Danube,downstream,Gundremmingen B,staggered_treatment,154.7,>50,dissolved_oxygen,2014,5.4,1
DEGM_DEBY_4110704000002,KEIN NAME,NAME,48.99143,12.3716,Danube,downstream,Gundremmingen B,staggered_treatment,154.7,>50,dissolved_oxygen,2015,5.4,1
DEGM_DEBY_4110704000002,KEIN NAME,NAME,48.99143,12.3716,Danube,downstream,Gundremmingen B,staggered_treatment,154.7,>50,dissolved_oxygen,2017,4.3,1
DEGM_DEBY_4110704000002,KEIN NAME,NAME,48.99143,12.3716,Danube,downstream,Gundremmingen B,staggered_treatment,154.7,>50,dissolved_oxygen,2018,5.8,1
DEGM_DEBY_4110704000002,KEIN NAME,NAME,48.99143,12.3716,Danube,downstream,Gundremmingen B,staggered_treatment,154.7,>50,dissolved_oxygen,2019,5.8,1
DEGM_DEBY_4110704000002,KEIN NAME,NAME,48.99143,12.3716,Danube,downstream,Gundremmingen B,staggered_treatment,154.7,>50,dissolved_oxygen,2021,6.6,1
DEGM_DEBY_4110704000002,KEIN NAME,NAME,48.99143,12.3716,Danube,downstream,Gundremmingen B,staggered_treatment,154.7,>50,dissolved_oxygen,2022,7.6,1
DEGM_DEBY_4110704000002,KEIN NAME,NAME,48.99143,12.3716,Danube,downstream,Gundremmingen B,staggered_treatment,154.7,>50,dissolved_oxygen,2023,8.0,1
DEGM_DEBY_4110704000002,KEIN NAME,NAME,48.99143,12.3716,Danube,downstream,Gundremmingen B,staggered_treatment,154.7,>50,dissolved_oxygen,2024,8.0,1
DEGM_DEBY_4110763600001,KEIN NAME,NAME,48.38401,11.72061,Isar,upstream,,,,,dissolved_oxygen,2013,5.2,1
DEGM_DEBY_4110763600001,KEIN NAME,NAME,48.38401,11.72061,Isar,upstream,,,,,dissolved_oxygen,2014,5.4,1
DEGM_DEBY_4110763600001,KEIN NAME,NAME,48.38401,11.72061,Isar,upstream,,,,,dissolved_oxygen,2015,6.1,1
DEGM_DEBY_4110763600001,KEIN NAME,NAME,48.38401,11.72061,Isar,upstream,,,,,dissolved_oxygen,2016,4.9,1
DEGM_DEBY_4110763600001,KEIN NAME,NAME,48.38401,11.72061,Isar,upstream,,,,,dissolved_oxygen,2017,4.9,1
DEGM_DEBY_4110763600001,KEIN NAME,NAME,48.38401,11.72061,Isar,upstream,,,,,dissolved_oxygen,2019,4.9,1
DEGM_DEBY_4110763600001,KEIN NAME,NAME,48.38401,11.72061,Isar,upstream,,,,,dissolved_oxygen,2020,5.0,1
DEGM_DEBY_4110763600001,KEIN NAME,NAME,48.38401,11.72061,Isar,upstream,,,,,dissolved_oxygen,2021,6.2,1
DEGM_DEBY_4110763600001,KEIN NAME,NAME,48.38401,11.72061,Isar,upstream,,,,,dissolved_oxygen,2023,3.7,3
DEGM_DEBY_4110763600001,KEIN NAME,NAME,48.38401,11.72061,Isar,upstream,,,,,dissolved_oxygen,2024,3.3,1
DEGM_DEBY_4120602400057,KEIN NAME,NAME,49.9833,9.72298,Main,downstream,Grafenrheinfeld,staggered_treatment,32.2,25-50,dissolved_oxygen,2008,9.6,1
DEGM_DEBY_4120602400057,KEIN NAME,NAME,49.9833,9.72298,Main,downstream,Grafenrheinfeld,staggered_treatment,32.2,25-50,dissolved_oxygen,2009,9.4,1
DEGM_DEBY_4120602400057,KEIN NAME,NAME,49.9833,9.72298,Main,downstream,Grafenrheinfeld,staggered_treatment,32.2,25-50,dissolved_oxygen,2012,9.5,1
DEGM_DEBY_4120602400057,KEIN NAME,NAME,49.9833,9.72298,Main,downstream,Grafenrheinfeld,staggered_treatment,32.2,25-50,dissolved_oxygen,2013,9.5,1
DEGM_DEBY_4120602400057,KEIN NAME,NAME,49.9833,9.72298,Main,downstream,Grafenrheinfeld,staggered_treatment,32.2,25-50,dissolved_oxygen,2015,9.6,1
DEGM_DEBY_4120602400057,KEIN NAME,NAME,49.9833,9.72298,Main,downstream,Grafenrheinfeld,staggered_treatment,32.2,25-50,dissolved_oxygen,2016,9.3,1
DEGM_DEBY_4120602400057,KEIN NAME,NAME,49.9833,9.72298,Main,downstream,Grafenrheinfeld,staggered_treatment,32.2,25-50,dissolved_oxygen,2018,9.3,1
DEGM_DEBY_4120602400057,KEIN NAME,NAME,49.9833,9.72298,Main,downstream,Grafenrheinfeld,staggered_treatment,32.2,25-50,dissolved_oxygen,2019,9.1,1
DEGM_DEBY_4120602400057,KEIN NAME,NAME,49.9833,9.72298,Main,downstream,Grafenrheinfeld,staggered_treatment,32.2,25-50,dissolved_oxygen,2023,9.5,1
DEGM_DEBY_4120612500010,KEIN NAME,NAME,49.80059,9.93666,Main,downstream,Grafenrheinfeld,staggered_treatment,13.7,10-25,dissolved_oxygen,2012,6.8,1
DEGM_DEBY_4120612500010,KEIN NAME,NAME,49.80059,9.93666,Main,downstream,Grafenrheinfeld,staggered_treatment,13.7,10-25,dissolved_oxygen,2013,5.1,1
DEGM_DEBY_4120612500010,KEIN NAME,NAME,49.80059,9.93666,Main,downstream,Grafenrheinfeld,staggered_treatment,13.7,10-25,dissolved_oxygen,2014,7.1,1
DEGM_DEBY_4120612500010,KEIN NAME,NAME,49.80059,9.93666,Main,downstream,Grafenrheinfeld,staggered_treatment,13.7,10-25,dissolved_oxygen,2015,4.4,2
DEGM_DEBY_4120612500010,KEIN NAME,NAME,49.80059,9.93666,Main,downstream,Grafenrheinfeld,staggered_treatment,13.7,10-25,dissolved_oxygen,2016,4.1,1
DEGM_DEBY_4120612500010,KEIN NAME,NAME,49.80059,9.93666,Main,downstream,Grafenrheinfeld,staggered_treatment,13.7,10-25,dissolved_oxygen,2017,4.0,1
DEGM_DEBY_4120612500010,KEIN NAME,NAME,49.80059,9.93666,Main,downstream,Grafenrheinfeld,staggered_treatment,13.7,10-25,dissolved_oxygen,2019,4.5,1
DEGM_DEBY_4120612500010,KEIN NAME,NAME,49.80059,9.93666,Main,downstream,Grafenrheinfeld,staggered_treatment,13.7,10-25,dissolved_oxygen,2020,4.5,1
DEGM_DEBY_4120612500010,KEIN NAME,NAME,49.80059,9.93666,Main,downstream,Grafenrheinfeld,staggered_treatment,13.7,10-25,dissolved_oxygen,2021,5.1,1
DEGM_DEBY_4120612500010,KEIN NAME,NAME,49.80059,9.93666,Main,downstream,Grafenrheinfeld,staggered_treatment,13.7,10-25,dissolved_oxygen,2022,4.2,2
DEGM_DEBY_4120612500010,KEIN NAME,NAME,49.80059,9.93666,Main,downstream,Grafenrheinfeld,staggered_treatment,13.7,10-25,dissolved_oxygen,2023,4.2,1
DEGM_DEBY_4120622300012,KEIN NAME,NAME,49.79405,9.6295,Main,downstream,Grafenrheinfeld,staggered_treatment,35.2,25-50,dissolved_oxygen,2008,9.0,1
DEGM_DEBY_4120622300012,KEIN NAME,NAME,49.79405,9.6295,Main,downstream,Grafenrheinfeld,staggered_treatment,35.2,25-50,dissolved_oxygen,2009,9.3,1
DEGM_DEBY_4120622300012,KEIN NAME,NAME,49.79405,9.6295,Main,downstream,Grafenrheinfeld,staggered_treatment,35.2,25-50,dissolved_oxygen,2013,9.1,1
DEGM_DEBY_4120622300012,KEIN NAME,NAME,49.79405,9.6295,Main,downstream,Grafenrheinfeld,staggered_treatment,35.2,25-50,dissolved_oxygen,2014,8.4,1
DEGM_DEBY_4120622300012,KEIN NAME,NAME,49.79405,9.6295,Main,downstream,Grafenrheinfeld,staggered_treatment,35.2,25-50,dissolved_oxygen,2015,8.2,2
DEGM_DEBY_4120622300012,KEIN NAME,NAME,49.79405,9.6295,Main,downstream,Grafenrheinfeld,staggered_treatment,35.2,25-50,dissolved_oxygen,2017,9.2,1
DEGM_DEBY_4120622300012,KEIN NAME,NAME,49.79405,9.6295,Main,downstream,Grafenrheinfeld,staggered_treatment,35.2,25-50,dissolved_oxygen,2018,8.7,1
DEGM_DEBY_4120622300012,KEIN NAME,NAME,49.79405,9.6295,Main,downstream,Grafenrheinfeld,staggered_treatment,35.2,25-50,dissolved_oxygen,2019,8.2,1
DEGM_DEBY_4120622300012,KEIN NAME,NAME,49.79405,9.6295,Main,downstream,Grafenrheinfeld,staggered_treatment,35.2,25-50,dissolved_oxygen,2020,9.4,1
DEGM_DEBY_4120622300012,KEIN NAME,NAME,49.79405,9.6295,Main,downstream,Grafenrheinfeld,staggered_treatment,35.2,25-50,dissolved_oxygen,2021,8.35,2
DEGM_DEBY_4120622300012,KEIN NAME,NAME,49.79405,9.6295,Main,downstream,Grafenrheinfeld,staggered_treatment,35.2,25-50,dissolved_oxygen,2022,9.1,1
DEGM_DEBY_4120622300012,KEIN NAME,NAME,49.79405,9.6295,Main,downstream,Grafenrheinfeld,staggered_treatment,35.2,25-50,dissolved_oxygen,2023,8.985,2
DEGM_DEBY_4120622300012,KEIN NAME,NAME,49.79405,9.6295,Main,downstream,Grafenrheinfeld,staggered_treatment,35.2,25-50,dissolved_oxygen,2024,8.85,2
DEGM_DEHB_15_26,FLB123,NAME,53.2144,8.50994,Weser,downstream,Grohnde,control,143.6,>50,dissolved_oxygen,2008,3.7,1
DEGM_DEHB_15_26,FLB123,NAME,53.2144,8.50994,Weser,downstream,Grohnde,control,143.6,>50,dissolved_oxygen,2010,4.5,1
DEGM_DEHB_15_26,FLB123,NAME,53.2144,8.50994,Weser,downstream,Grohnde,control,143.6,>50,dissolved_oxygen,2011,4.2,1
DEGM_DEHB_15_72,FLB433D,NAME,53.07777,8.88911,Weser,downstream,Grohnde,control,120.5,>50,dissolved_oxygen,2008,0.2,1
DEGM_DEHB_15_72,FLB433D,NAME,53.07777,8.88911,Weser,downstream,Grohnde,control,120.5,>50,dissolved_oxygen,2009,0.2,1
DEGM_DEHB_15_72,FLB433D,NAME,53.07777,8.88911,Weser,downstream,Grohnde,control,120.5,>50,dissolved_oxygen,2010,0.3,1
DEGM_DEHB_15_72,FLB433D,NAME,53.07777,8.88911,Weser,downstream,Grohnde,control,120.5,>50,dissolved_oxygen,2011,0.16,1
DEGM_DEHH_1947,NINCOPER STRASSE,NAME,53.51387,9.8021,Elbe,upstream,,,,,dissolved_oxygen,2014,0.01,1
DEGM_DEHH_1947,NINCOPER STRASSE,NAME,53.51387,9.8021,Elbe,upstream,,,,,dissolved_oxygen,2016,0.05,1
DEGM_DENI_40000953,AHER KAEMPE,NAME,52.18564,9.12891,Weser,downstream,Grohnde,control,22.2,10-25,dissolved_oxygen,2015,2.8,1
DEGM_DENI_40000953,AHER KAEMPE,NAME,52.18564,9.12891,Weser,downstream,Grohnde,control,22.2,10-25,dissolved_oxygen,2019,3.7,1
DEGM_DENI_40000953,AHER KAEMPE,NAME,52.18564,9.12891,Weser,downstream,Grohnde,control,22.2,10-25,dissolved_oxygen,2021,3.98,1
DEGM_DENI_40000953,AHER KAEMPE,NAME,52.18564,9.12891,Weser,downstream,Grohnde,control,22.2,10-25,dissolved_oxygen,2022,2.4,1
DEGM_DENI_40000953,AHER KAEMPE,NAME,52.18564,9.12891,Weser,downstream,Grohnde,control,22.2,10-25,dissolved_oxygen,2023,2.7,1
DEGM_DENI_40000953,AHER KAEMPE,NAME,52.18564,9.12891,Weser,downstream,Grohnde,control,22.2,10-25,dissolved_oxygen,2024,3.54,1
DEGM_DENI_40510790,BEXTEN,NAME,52.34246,7.37369,Ems,upstream,,,,,dissolved_oxygen,2012,8.1,1
DEGM_DENI_40510790,BEXTEN,NAME,52.34246,7.37369,Ems,upstream,,,,,dissolved_oxygen,2013,7.7,1
DEGM_DENI_40510790,BEXTEN,NAME,52.34246,7.37369,Ems,upstream,,,,,dissolved_oxygen,2015,7.4,1
DEGM_DENI_40510790,BEXTEN,NAME,52.34246,7.37369,Ems,upstream,,,,,dissolved_oxygen,2021,8.15,2
DEGM_DENI_40510790,BEXTEN,NAME,52.34246,7.37369,Ems,upstream,,,,,dissolved_oxygen,2022,8.0,2
DEGM_DENI_40510790,BEXTEN,NAME,52.34246,7.37369,Ems,upstream,,,,,dissolved_oxygen,2023,8.0,1
DEGM_DENW_100135602,PH 34N   JOESSEN,NAME,52.39755,8.99847,Weser,downstream,Grohnde,control,47.3,25-50,dissolved_oxygen,2012,0.2,1
DEGM_DENW_100135602,PH 34N   JOESSEN,NAME,52.39755,8.99847,Weser,downstream,Grohnde,control,47.3,25-50,dissolved_oxygen,2017,0.25,2
DEGM_DENW_100135602,PH 34N   JOESSEN,NAME,52.39755,8.99847,Weser,downstream,Grohnde,control,47.3,25-50,dissolved_oxygen,2021,0.1,1
DEGM_DENW_100135602,PH 34N   JOESSEN,NAME,52.39755,8.99847,Weser,downstream,Grohnde,control,47.3,25-50,dissolved_oxygen,2022,0.1,1
DEGM_DENW_110050125,V12 ISENDORF,NAME,52.20505,7.5117,Ems,upstream,,,,,dissolved_oxygen,2012,0.1,1
DEGM_DENW_110050125,V12 ISENDORF,NAME,52.20505,7.5117,Ems,upstream,,,,,dissolved_oxygen,2013,0.44,1
DEGM_DENW_110050125,V12 ISENDORF,NAME,52.20505,7.5117,Ems,upstream,,,,,dissolved_oxygen,2014,0.52,1
DEGM_DENW_110050125,V12 ISENDORF,NAME,52.20505,7.5117,Ems,upstream,,,,,dissolved_oxygen,2016,1.2,1
DEGM_DENW_110050125,V12 ISENDORF,NAME,52.20505,7.5117,Ems,upstream,,,,,dissolved_oxygen,2017,1.8,1
DEGM_DENW_110050125,V12 ISENDORF,NAME,52.20505,7.5117,Ems,upstream,,,,,dissolved_oxygen,2018,1.6,1
DEGM_DENW_110050125,V12 ISENDORF,NAME,52.20505,7.5117,Ems,upstream,,,,,dissolved_oxygen,2019,2.9,1
DEGM_DENW_110050125,V12 ISENDORF,NAME,52.20505,7.5117,Ems,upstream,,,,,dissolved_oxygen,2023,1.6,1
DEGM_DENW_110050125,V12 ISENDORF,NAME,52.20505,7.5117,Ems,upstream,,,,,dissolved_oxygen,2024,0.2,1
DEGM_DERP_2375222100,1277 I LEIMERSHEIM,NAME,49.12222,8.3404,Rhine,upstream,,,,,dissolved_oxygen,2012,0.49,1
DEGM_DERP_2375222100,1277 I LEIMERSHEIM,NAME,49.12222,8.3404,Rhine,upstream,,,,,dissolved_oxygen,2017,1.5,1
DEGM_DERP_2375222100,1277 I LEIMERSHEIM,NAME,49.12222,8.3404,Rhine,upstream,,,,,dissolved_oxygen,2020,1.5,1
DEGM_DERP_2375222100,1277 I LEIMERSHEIM,NAME,49.12222,8.3404,Rhine,upstream,,,,,dissolved_oxygen,2021,1.2,1
DEGM_DERP_2375222100,1277 I LEIMERSHEIM,NAME,49.12222,8.3404,Rhine,upstream,,,,,dissolved_oxygen,2022,0.9,1
DEGM_DERP_2391197000,1336 I FRANKENTHAL PFALZ PETERSAU,NAME,49.56746,8.40134,Rhine,downstream,Philippsburg 1,partial,34.8,25-50,dissolved_oxygen,2015,0.1,1
DEGM_DERP_2391197000,1336 I FRANKENTHAL PFALZ PETERSAU,NAME,49.56746,8.40134,Rhine,downstream,Philippsburg 1,partial,34.8,25-50,dissolved_oxygen,2017,0.07,1
DEGM_DERP_2391197000,1336 I FRANKENTHAL PFALZ PETERSAU,NAME,49.56746,8.40134,Rhine,downstream,Philippsburg 1,partial,34.8,25-50,dissolved_oxygen,2018,0.6,1
DEGM_DERP_2391197000,1336 I FRANKENTHAL PFALZ PETERSAU,NAME,49.56746,8.40134,Rhine,downstream,Philippsburg 1,partial,34.8,25-50,dissolved_oxygen,2019,0.33,1
DEGM_DERP_2391197000,1336 I FRANKENTHAL PFALZ PETERSAU,NAME,49.56746,8.40134,Rhine,downstream,Philippsburg 1,partial,34.8,25-50,dissolved_oxygen,2021,1.0,1
DEGM_DERP_2391197000,1336 I FRANKENTHAL PFALZ PETERSAU,NAME,49.56746,8.40134,Rhine,downstream,Philippsburg 1,partial,34.8,25-50,dissolved_oxygen,2022,1.4,1
DEGM_DERP_2397188100,2135 DIENHEIM,NAME,49.8263,8.36563,Rhine,downstream,Biblis A,treatment,12.9,10-25,dissolved_oxygen,2008,1.3,1
DEGM_DERP_2397188100,2135 DIENHEIM,NAME,49.8263,8.36563,Rhine,downstream,Biblis A,treatment,12.9,10-25,dissolved_oxygen,2009,10.1,1
DEGM_DERP_2397188100,2135 DIENHEIM,NAME,49.8263,8.36563,Rhine,downstream,Biblis A,treatment,12.9,10-25,dissolved_oxygen,2010,0.21,1
DEGM_DERP_2397188100,2135 DIENHEIM,NAME,49.8263,8.36563,Rhine,downstream,Biblis A,treatment,12.9,10-25,dissolved_oxygen,2011,0.08,1
DEGM_HE_10379,TBR II OESTRICH HATTENHEIM,NAME,50.01183,8.04419,Rhine,downstream,Biblis A,treatment,33.4,25-50,dissolved_oxygen,2013,4.5,1
DEGM_HE_10379,TBR II OESTRICH HATTENHEIM,NAME,50.01183,8.04419,Rhine,downstream,Biblis A,treatment,33.4,25-50,dissolved_oxygen,2023,9.08,1
DEGM_HE_10379,TBR II OESTRICH HATTENHEIM,NAME,50.01183,8.04419,Rhine,downstream,Biblis A,treatment,33.4,25-50,dissolved_oxygen,2024,8.6,1
DEGM_HE_10471,BIEBRICH,NAME,50.03451,8.24336,Rhine,downstream,Biblis A,treatment,35.9,25-50,dissolved_oxygen,2023,0.33,1
DEGM_HE_10471,BIEBRICH,NAME,50.03451,8.24336,Rhine,downstream,Biblis A,treatment,35.9,25-50,dissolved_oxygen,2024,0.1,1
DEGM_HE_13496,13496NORDHEIM,NAME,49.67151,8.38801,Rhine,downstream,Philippsburg 1,partial,46.3,25-50,dissolved_oxygen,2012,3.0,1
DEGM_HE_13496,13496NORDHEIM,NAME,49.67151,8.38801,Rhine,downstream,Philippsburg 1,partial,46.3,25-50,dissolved_oxygen,2016,5.15,1
DEGM_HE_13496,13496NORDHEIM,NAME,49.67151,8.38801,Rhine,downstream,Philippsburg 1,partial,46.3,25-50,dissolved_oxygen,2018,3.9,1
DEGM_HE_13496,13496NORDHEIM,NAME,49.67151,8.38801,Rhine,downstream,Philippsburg 1,partial,46.3,25-50,dissolved_oxygen,2019,5.2,1
DEGM_HE_13496,13496NORDHEIM,NAME,49.67151,8.38801,Rhine,downstream,Philippsburg 1,partial,46.3,25-50,dissolved_oxygen,2021,3.43,1
DEGM_HE_13496,13496NORDHEIM,NAME,49.67151,8.38801,Rhine,downstream,Philippsburg 1,partial,46.3,25-50,dissolved_oxygen,2022,3.81,1
DEHH_SM_91496,FLUSS,ELBEHAFEN,53.54029,9.87972,Elbe,upstream,,,,,dissolved_oxygen,2020,6.612,4
DEHH_SM_91496,FLUSS,ELBEHAFEN,53.54029,9.87972,Elbe,upstream,,,,,dissolved_oxygen,2021,6.9,3
DESM_BWU27,KOCHENDORF,KOCHER UNTERH OHRN,49.22325,9.20766,Neckar,downstream,Neckarwestheim 1,partial,12.0,10-25,dissolved_oxygen,2020,8.056,9
DESM_BWU27,KOCHENDORF,KOCHER UNTERH OHRN,49.22325,9.20766,Neckar,downstream,Neckarwestheim 1,partial,12.0,10-25,dissolved_oxygen,2021,8.922,9
DESM_BWU27,KOCHENDORF,KOCHER UNTERH OHRN,49.22325,9.20766,Neckar,downstream,Neckarwestheim 1,partial,12.0,10-25,dissolved_oxygen,2022,8.356,9
DESM_BWU27,KOCHENDORF,KOCHER UNTERH OHRN,49.22325,9.20766,Neckar,downstream,Neckarwestheim 1,partial,12.0,10-25,dissolved_oxygen,2023,8.422,9
DESM_BWU27,KOCHENDORF,KOCHER UNTERH OHRN,49.22325,9.20766,Neckar,downstream,Neckarwestheim 1,partial,12.0,10-25,dissolved_oxygen,2024,8.678,9
DESM_BWU29,JAGSTFELD,JAGST AB SECKACH,49.24548,9.19336,Neckar,downstream,Neckarwestheim 1,partial,14.4,10-25,dissolved_oxygen,2020,8.9,8
DESM_BWU29,JAGSTFELD,JAGST AB SECKACH,49.24548,9.19336,Neckar,downstream,Neckarwestheim 1,partial,14.4,10-25,dissolved_oxygen,2021,8.844,9
DESM_BWU29,JAGSTFELD,JAGST AB SECKACH,49.24548,9.19336,Neckar,downstream,Neckarwestheim 1,partial,14.4,10-25,dissolved_oxygen,2022,8.933,9
DESM_BWU29,JAGSTFELD,JAGST AB SECKACH,49.24548,9.19336,Neckar,downstream,Neckarwestheim 1,partial,14.4,10-25,dissolved_oxygen,2023,8.511,9
DESM_BWU29,JAGSTFELD,JAGST AB SECKACH,49.24548,9.19336,Neckar,downstream,Neckarwestheim 1,partial,14.4,10-25,dissolved_oxygen,2024,8.922,9
DESM_BWU40,KARLSRUHE,FREIFLIESSENDE RHEINSTRECKE UNTERH STAUSTUFE IFFEZHEIM BIS OBERH LAUTERMUENDUNG,48.92298,8.16898,Rhine,upstream,,,,,dissolved_oxygen,2020,8.189,9
DESM_BWU40,KARLSRUHE,FREIFLIESSENDE RHEINSTRECKE UNTERH STAUSTUFE IFFEZHEIM BIS OBERH LAUTERMUENDUNG,48.92298,8.16898,Rhine,upstream,,,,,dissolved_oxygen,2021,8.922,9
DESM_BWU40,KARLSRUHE,FREIFLIESSENDE RHEINSTRECKE UNTERH STAUSTUFE IFFEZHEIM BIS OBERH LAUTERMUENDUNG,48.92298,8.16898,Rhine,upstream,,,,,dissolved_oxygen,2022,7.878,9
DESM_BWU40,KARLSRUHE,FREIFLIESSENDE RHEINSTRECKE UNTERH STAUSTUFE IFFEZHEIM BIS OBERH LAUTERMUENDUNG,48.92298,8.16898,Rhine,upstream,,,,,dissolved_oxygen,2023,7.811,9
DESM_BWU40,KARLSRUHE,FREIFLIESSENDE RHEINSTRECKE UNTERH STAUSTUFE IFFEZHEIM BIS OBERH LAUTERMUENDUNG,48.92298,8.16898,Rhine,upstream,,,,,dissolved_oxygen,2024,9.025,8
DESM_BWU41,MANNHEIM RHEIN,OBERER OBERRHEIN,49.48374,8.45493,Rhine,downstream,Philippsburg 1,partial,25.5,25-50,dissolved_oxygen,2020,8.344,9
DESM_BWU41,MANNHEIM RHEIN,OBERER OBERRHEIN,49.48374,8.45493,Rhine,downstream,Philippsburg 1,partial,25.5,25-50,dissolved_oxygen,2021,8.811,9
DESM_BWU41,MANNHEIM RHEIN,OBERER OBERRHEIN,49.48374,8.45493,Rhine,downstream,Philippsburg 1,partial,25.5,25-50,dissolved_oxygen,2022,8.3,9
DESM_BWU41,MANNHEIM RHEIN,OBERER OBERRHEIN,49.48374,8.45493,Rhine,downstream,Philippsburg 1,partial,25.5,25-50,dissolved_oxygen,2023,8.178,9
DESM_BWU41,MANNHEIM RHEIN,OBERER OBERRHEIN,49.48374,8.45493,Rhine,downstream,Philippsburg 1,partial,25.5,25-50,dissolved_oxygen,2024,8.825,8
DESM_BWU44,DEIZISAU,NECKAR AB FILS OBERH ENZ TBG 42,48.72105,9.37875,Neckar,upstream,,,,,dissolved_oxygen,2020,10.411,9
DESM_BWU44,DEIZISAU,NECKAR AB FILS OBERH ENZ TBG 42,48.72105,9.37875,Neckar,upstream,,,,,dissolved_oxygen,2021,8.75,8
DESM_BWU44,DEIZISAU,NECKAR AB FILS OBERH ENZ TBG 42,48.72105,9.37875,Neckar,upstream,,,,,dissolved_oxygen,2022,8.875,8
DESM_BWU44,DEIZISAU,NECKAR AB FILS OBERH ENZ TBG 42,48.72105,9.37875,Neckar,upstream,,,,,dissolved_oxygen,2023,10.725,8
DESM_BWU44,DEIZISAU,NECKAR AB FILS OBERH ENZ TBG 42,48.72105,9.37875,Neckar,upstream,,,,,dissolved_oxygen,2024,8.967,9
DESM_BWU45,POPPENWEILER,NECKAR AB FILS OBERH ENZ TBG 42,48.9127,9.24796,Neckar,upstream,,,,,dissolved_oxygen,2020,10.722,9
DESM_BWU45,POPPENWEILER,NECKAR AB FILS OBERH ENZ TBG 42,48.9127,9.24796,Neckar,upstream,,,,,dissolved_oxygen,2021,8.7,8
DESM_BWU45,POPPENWEILER,NECKAR AB FILS OBERH ENZ TBG 42,48.9127,9.24796,Neckar,upstream,,,,,dissolved_oxygen,2022,10.3,8
DESM_BWU45,POPPENWEILER,NECKAR AB FILS OBERH ENZ TBG 42,48.9127,9.24796,Neckar,upstream,,,,,dissolved_oxygen,2023,8.838,8
DESM_BWU45,POPPENWEILER,NECKAR AB FILS OBERH ENZ TBG 42,48.9127,9.24796,Neckar,upstream,,,,,dissolved_oxygen,2024,8.767,9
DESM_BWU46,BESIGHEIM,NECKAR AB FILS OBERH ENZ TBG 42,49.00232,9.1472,Neckar,upstream,,,,,dissolved_oxygen,2020,10.044,9
DESM_BWU46,BESIGHEIM,NECKAR AB FILS OBERH ENZ TBG 42,49.00232,9.1472,Neckar,upstream,,,,,dissolved_oxygen,2021,7.513,8
DESM_BWU46,BESIGHEIM,NECKAR AB FILS OBERH ENZ TBG 42,49.00232,9.1472,Neckar,upstream,,,,,dissolved_oxygen,2022,7.125,8
DESM_BWU46,BESIGHEIM,NECKAR AB FILS OBERH ENZ TBG 42,49.00232,9.1472,Neckar,upstream,,,,,dissolved_oxygen,2023,7.05,8
DESM_BWU46,BESIGHEIM,NECKAR AB FILS OBERH ENZ TBG 42,49.00232,9.1472,Neckar,upstream,,,,,dissolved_oxygen,2024,8.111,9
DESM_BWU47,KOCHENDORF,NECKAR AB ENZ OBERH KOCHER TBG 46,49.21649,9.2081,Neckar,downstream,Neckarwestheim 1,partial,11.4,10-25,dissolved_oxygen,2020,10.322,9
DESM_BWU47,KOCHENDORF,NECKAR AB ENZ OBERH KOCHER TBG 46,49.21649,9.2081,Neckar,downstream,Neckarwestheim 1,partial,11.4,10-25,dissolved_oxygen,2021,8.3,8
DESM_BWU47,KOCHENDORF,NECKAR AB ENZ OBERH KOCHER TBG 46,49.21649,9.2081,Neckar,downstream,Neckarwestheim 1,partial,11.4,10-25,dissolved_oxygen,2022,8.2,9
DESM_BWU47,KOCHENDORF,NECKAR AB ENZ OBERH KOCHER TBG 46,49.21649,9.2081,Neckar,downstream,Neckarwestheim 1,partial,11.4,10-25,dissolved_oxygen,2023,7.263,8
DESM_BWU47,KOCHENDORF,NECKAR AB ENZ OBERH KOCHER TBG 46,49.21649,9.2081,Neckar,downstream,Neckarwestheim 1,partial,11.4,10-25,dissolved_oxygen,2024,8.389,9
DESM_BWU48,MANNHEIM NECKAR,NECKAR BW AB KOCHER TBG 49,49.49429,8.46871,Neckar,downstream,Neckarwestheim 1,partial,71.7,>50,dissolved_oxygen,2020,8.478,9
DESM_BWU48,MANNHEIM NECKAR,NECKAR BW AB KOCHER TBG 49,49.49429,8.46871,Neckar,downstream,Neckarwestheim 1,partial,71.7,>50,dissolved_oxygen,2021,8.456,9
DESM_BWU48,MANNHEIM NECKAR,NECKAR BW AB KOCHER TBG 49,49.49429,8.46871,Neckar,downstream,Neckarwestheim 1,partial,71.7,>50,dissolved_oxygen,2022,8.689,9
DESM_BWU48,MANNHEIM NECKAR,NECKAR BW AB KOCHER TBG 49,49.49429,8.46871,Neckar,downstream,Neckarwestheim 1,partial,71.7,>50,dissolved_oxygen,2023,8.1,9
DESM_BWU48,MANNHEIM NECKAR,NECKAR BW AB KOCHER TBG 49,49.49429,8.46871,Neckar,downstream,Neckarwestheim 1,partial,71.7,>50,dissolved_oxygen,2024,9.062,8
DESM_DEBY_10988,HMS MOOSBURG,ISAR VON ANFANG MITTLEREISARKANAL BIS MOOSBURG,48.45798,11.9487,Isar,upstream,,,,,dissolved_oxygen,2020,9.15,4
DESM_DEBY_10988,HMS MOOSBURG,ISAR VON ANFANG MITTLEREISARKANAL BIS MOOSBURG,48.45798,11.9487,Isar,upstream,,,,,dissolved_oxygen,2021,8.95,4
DESM_DEBY_10988,HMS MOOSBURG,ISAR VON ANFANG MITTLEREISARKANAL BIS MOOSBURG,48.45798,11.9487,Isar,upstream,,,,,dissolved_oxygen,2022,9.9,4
DESM_DEBY_10988,HMS MOOSBURG,ISAR VON ANFANG MITTLEREISARKANAL BIS MOOSBURG,48.45798,11.9487,Isar,upstream,,,,,dissolved_oxygen,2023,9.325,4
DESM_DEBY_11446,PLATTLING BRUECKE B8,ISAR VON PLATTLING BIS MUENDUNG IN DIE DONAU,48.77153,12.88403,Isar,downstream,Isar 1,partial,47.0,25-50,dissolved_oxygen,2020,8.95,4
DESM_DEBY_11446,PLATTLING BRUECKE B8,ISAR VON PLATTLING BIS MUENDUNG IN DIE DONAU,48.77153,12.88403,Isar,downstream,Isar 1,partial,47.0,25-50,dissolved_oxygen,2021,9.2,4
DESM_DEBY_11446,PLATTLING BRUECKE B8,ISAR VON PLATTLING BIS MUENDUNG IN DIE DONAU,48.77153,12.88403,Isar,downstream,Isar 1,partial,47.0,25-50,dissolved_oxygen,2022,8.875,4
DESM_DEBY_11446,PLATTLING BRUECKE B8,ISAR VON PLATTLING BIS MUENDUNG IN DIE DONAU,48.77153,12.88403,Isar,downstream,Isar 1,partial,47.0,25-50,dissolved_oxygen,2023,8.4,4
DESM_DEBY_16122,HALLSTADT BRUECKE,MAIN VON KLOSTER BANZ BIS EINMUENDUNG DER REGNITZ,49.92454,10.86251,Main,upstream,,,,,dissolved_oxygen,2020,7.4,4
DESM_DEBY_16122,HALLSTADT BRUECKE,MAIN VON KLOSTER BANZ BIS EINMUENDUNG DER REGNITZ,49.92454,10.86251,Main,upstream,,,,,dissolved_oxygen,2021,7.85,4
DESM_DEBY_16122,HALLSTADT BRUECKE,MAIN VON KLOSTER BANZ BIS EINMUENDUNG DER REGNITZ,49.92454,10.86251,Main,upstream,,,,,dissolved_oxygen,2022,7.425,4
DESM_DEBY_16122,HALLSTADT BRUECKE,MAIN VON KLOSTER BANZ BIS EINMUENDUNG DER REGNITZ,49.92454,10.86251,Main,upstream,,,,,dissolved_oxygen,2023,7.425,4
DESM_DEBY_16122,HALLSTADT BRUECKE,MAIN VON KLOSTER BANZ BIS EINMUENDUNG DER REGNITZ,49.92454,10.86251,Main,upstream,,,,,dissolved_oxygen,2024,8.35,4
DESM_DEBY_19268,VIERETH KWOBERWASSER,MAIN VON EINMUENDUNG DER REGNITZ BIS REGIERUNGSBEZIRKSGRENZE OBERFRANKENUNTERFRANKEN,49.92421,10.78723,Main,upstream,,,,,dissolved_oxygen,2020,7.575,4
DESM_DEBY_19268,VIERETH KWOBERWASSER,MAIN VON EINMUENDUNG DER REGNITZ BIS REGIERUNGSBEZIRKSGRENZE OBERFRANKENUNTERFRANKEN,49.92421,10.78723,Main,upstream,,,,,dissolved_oxygen,2021,7.625,4
DESM_DEBY_19268,VIERETH KWOBERWASSER,MAIN VON EINMUENDUNG DER REGNITZ BIS REGIERUNGSBEZIRKSGRENZE OBERFRANKENUNTERFRANKEN,49.92421,10.78723,Main,upstream,,,,,dissolved_oxygen,2022,7.775,4
DESM_DEBY_19268,VIERETH KWOBERWASSER,MAIN VON EINMUENDUNG DER REGNITZ BIS REGIERUNGSBEZIRKSGRENZE OBERFRANKENUNTERFRANKEN,49.92421,10.78723,Main,upstream,,,,,dissolved_oxygen,2023,7.775,4
DESM_DEBY_20256,ERLABRUNN KWOW,MAIN VON EINMUENDUNG MAINKANAL BIS EINMUENDUNG FRAENKISCHE SAALE,49.85488,9.85468,Main,downstream,Grafenrheinfeld,staggered_treatment,20.5,10-25,dissolved_oxygen,2020,8.15,4
DESM_DEBY_20256,ERLABRUNN KWOW,MAIN VON EINMUENDUNG MAINKANAL BIS EINMUENDUNG FRAENKISCHE SAALE,49.85488,9.85468,Main,downstream,Grafenrheinfeld,staggered_treatment,20.5,10-25,dissolved_oxygen,2021,7.675,4
DESM_DEBY_20256,ERLABRUNN KWOW,MAIN VON EINMUENDUNG MAINKANAL BIS EINMUENDUNG FRAENKISCHE SAALE,49.85488,9.85468,Main,downstream,Grafenrheinfeld,staggered_treatment,20.5,10-25,dissolved_oxygen,2022,11.2,4
DESM_DEBY_20256,ERLABRUNN KWOW,MAIN VON EINMUENDUNG MAINKANAL BIS EINMUENDUNG FRAENKISCHE SAALE,49.85488,9.85468,Main,downstream,Grafenrheinfeld,staggered_treatment,20.5,10-25,dissolved_oxygen,2023,8.15,4
DESM_DEBY_20256,ERLABRUNN KWOW,MAIN VON EINMUENDUNG MAINKANAL BIS EINMUENDUNG FRAENKISCHE SAALE,49.85488,9.85468,Main,downstream,Grafenrheinfeld,staggered_treatment,20.5,10-25,dissolved_oxygen,2024,8.75,4
DESM_DEBY_2346,BOEFINGER HALDE KWUW,DONAU VON EINMUENDUNG ILLER BIS EINMUENDUNG LANDGRABEN BEI OFFINGEN,48.42405,10.02689,Danube,upstream,,,,,dissolved_oxygen,2020,8.48,5
DESM_DEBY_2346,BOEFINGER HALDE KWUW,DONAU VON EINMUENDUNG ILLER BIS EINMUENDUNG LANDGRABEN BEI OFFINGEN,48.42405,10.02689,Danube,upstream,,,,,dissolved_oxygen,2021,8.625,4
DESM_DEBY_2346,BOEFINGER HALDE KWUW,DONAU VON EINMUENDUNG ILLER BIS EINMUENDUNG LANDGRABEN BEI OFFINGEN,48.42405,10.02689,Danube,upstream,,,,,dissolved_oxygen,2022,8.725,4
DESM_DEBY_2346,BOEFINGER HALDE KWUW,DONAU VON EINMUENDUNG ILLER BIS EINMUENDUNG LANDGRABEN BEI OFFINGEN,48.42405,10.02689,Danube,upstream,,,,,dissolved_oxygen,2023,8.525,4
DESM_DEBY_2384,OFFINGEN  OH MUENDUNG,MINDEL VON EINMUENDUNG HUNGERBACH BIS MUENDUNG IN DIE DONAU UND WESTERNACH VON EINMUENDUNG AUERBACH BIS MUENDUNG IN DIE MINDEL,48.49779,10.38994,Danube,upstream,,,,,dissolved_oxygen,2020,8.475,4
DESM_DEBY_2384,OFFINGEN  OH MUENDUNG,MINDEL VON EINMUENDUNG HUNGERBACH BIS MUENDUNG IN DIE DONAU UND WESTERNACH VON EINMUENDUNG AUERBACH BIS MUENDUNG IN DIE MINDEL,48.49779,10.38994,Danube,upstream,,,,,dissolved_oxygen,2021,8.45,4
DESM_DEBY_2384,OFFINGEN  OH MUENDUNG,MINDEL VON EINMUENDUNG HUNGERBACH BIS MUENDUNG IN DIE DONAU UND WESTERNACH VON EINMUENDUNG AUERBACH BIS MUENDUNG IN DIE MINDEL,48.49779,10.38994,Danube,upstream,,,,,dissolved_oxygen,2022,8.65,4
DESM_DEBY_2384,OFFINGEN  OH MUENDUNG,MINDEL VON EINMUENDUNG HUNGERBACH BIS MUENDUNG IN DIE DONAU UND WESTERNACH VON EINMUENDUNG AUERBACH BIS MUENDUNG IN DIE MINDEL,48.49779,10.38994,Danube,upstream,,,,,dissolved_oxygen,2023,7.45,4
DESM_DEBY_3413,KELHEIM PEGEL,DONAU VON STAUBING BIS EINMUENDUNG MAINDONAUKANAL,48.91598,11.86676,Danube,downstream,Gundremmingen B,staggered_treatment,117.1,>50,dissolved_oxygen,2020,8.45,4
DESM_DEBY_3413,KELHEIM PEGEL,DONAU VON STAUBING BIS EINMUENDUNG MAINDONAUKANAL,48.91598,11.86676,Danube,downstream,Gundremmingen B,staggered_treatment,117.1,>50,dissolved_oxygen,2021,8.8,4
DESM_DEBY_3413,KELHEIM PEGEL,DONAU VON STAUBING BIS EINMUENDUNG MAINDONAUKANAL,48.91598,11.86676,Danube,downstream,Gundremmingen B,staggered_treatment,117.1,>50,dissolved_oxygen,2022,8.775,4
DESM_DEBY_3413,KELHEIM PEGEL,DONAU VON STAUBING BIS EINMUENDUNG MAINDONAUKANAL,48.91598,11.86676,Danube,downstream,Gundremmingen B,staggered_treatment,117.1,>50,dissolved_oxygen,2023,8.5,4
DESM_DEBY_3413,KELHEIM PEGEL,DONAU VON STAUBING BIS EINMUENDUNG MAINDONAUKANAL,48.91598,11.86676,Danube,downstream,Gundremmingen B,staggered_treatment,117.1,>50,dissolved_oxygen,2024,9.225,4
DESM_DEBY_4373,BAD ABBACH PEGEL,DONAU VON EINMUENDUNG MAINDONAUKANAL BIS EINMUENDUNG NAAB,48.94169,12.03365,Danube,downstream,Gundremmingen B,staggered_treatment,129.6,>50,dissolved_oxygen,2020,8.275,4
DESM_DEBY_4373,BAD ABBACH PEGEL,DONAU VON EINMUENDUNG MAINDONAUKANAL BIS EINMUENDUNG NAAB,48.94169,12.03365,Danube,downstream,Gundremmingen B,staggered_treatment,129.6,>50,dissolved_oxygen,2021,8.625,4
DESM_DEBY_4373,BAD ABBACH PEGEL,DONAU VON EINMUENDUNG MAINDONAUKANAL BIS EINMUENDUNG NAAB,48.94169,12.03365,Danube,downstream,Gundremmingen B,staggered_treatment,129.6,>50,dissolved_oxygen,2022,9.15,4
DESM_DEBY_4373,BAD ABBACH PEGEL,DONAU VON EINMUENDUNG MAINDONAUKANAL BIS EINMUENDUNG NAAB,48.94169,12.03365,Danube,downstream,Gundremmingen B,staggered_treatment,129.6,>50,dissolved_oxygen,2023,8.025,4
DESM_DEHH_91492,91492UESH,ELBEHAFEN,53.54029,9.87972,Elbe,upstream,,,,,dissolved_oxygen,2022,5.475,4
DESM_DEHH_91492,91492UESH,ELBEHAFEN,53.54029,9.87972,Elbe,upstream,,,,,dissolved_oxygen,2023,5.75,4
DESM_DEHH_91492,91492UESH,ELBEHAFEN,53.54029,9.87972,Elbe,upstream,,,,,dissolved_oxygen,2024,4.8,4
DESM_DENI_12046,WESER HEMELINGEN,MITTELWESER ZWISCHEN ALLER UND BREMEN,53.05279,8.87458,Weser,downstream,Grohnde,control,118.3,>50,dissolved_oxygen,2020,7.014,122
DESM_DENI_12046,WESER HEMELINGEN,MITTELWESER ZWISCHEN ALLER UND BREMEN,53.05279,8.87458,Weser,downstream,Grohnde,control,118.3,>50,dissolved_oxygen,2021,7.151,122
DESM_DENI_12046,WESER HEMELINGEN,MITTELWESER ZWISCHEN ALLER UND BREMEN,53.05279,8.87458,Weser,downstream,Grohnde,control,118.3,>50,dissolved_oxygen,2022,7.397,103
DESM_DENI_45752064,HESS OLDENDORFFUHLEN,WESER,52.15799,9.24872,Weser,downstream,Grohnde,control,16.6,10-25,dissolved_oxygen,2020,9.6,4
DESM_DENI_45752064,HESS OLDENDORFFUHLEN,WESER,52.15799,9.24872,Weser,downstream,Grohnde,control,16.6,10-25,dissolved_oxygen,2021,10.053,4
DESM_DENI_45752064,HESS OLDENDORFFUHLEN,WESER,52.15799,9.24872,Weser,downstream,Grohnde,control,16.6,10-25,dissolved_oxygen,2022,9.203,4
DESM_DENI_45752064,HESS OLDENDORFFUHLEN,WESER,52.15799,9.24872,Weser,downstream,Grohnde,control,16.6,10-25,dissolved_oxygen,2023,9.728,4
DESM_DENI_45752064,HESS OLDENDORFFUHLEN,WESER,52.15799,9.24872,Weser,downstream,Grohnde,control,16.6,10-25,dissolved_oxygen,2024,10.16,4
DESM_DENI_49572011,FARGE,WESER  TIDEBEREICH OBERH BRAKE,53.19737,8.51926,Weser,downstream,Grohnde,control,141.6,>50,dissolved_oxygen,2020,6.5,4
DESM_DENI_49572011,FARGE,WESER  TIDEBEREICH OBERH BRAKE,53.19737,8.51926,Weser,downstream,Grohnde,control,141.6,>50,dissolved_oxygen,2021,6.375,4
DESM_DENI_49572011,FARGE,WESER  TIDEBEREICH OBERH BRAKE,53.19737,8.51926,Weser,downstream,Grohnde,control,141.6,>50,dissolved_oxygen,2022,6.725,4
DESM_DENI_49572011,FARGE,WESER  TIDEBEREICH OBERH BRAKE,53.19737,8.51926,Weser,downstream,Grohnde,control,141.6,>50,dissolved_oxygen,2023,6.65,4
DESM_DENI_49572011,FARGE,WESER  TIDEBEREICH OBERH BRAKE,53.19737,8.51926,Weser,downstream,Grohnde,control,141.6,>50,dissolved_oxygen,2024,8.425,4
DESM_DENI_49752022,BRAKE,UEBERGANGSGEWAESSER DER WESER,53.31519,8.48608,Weser,downstream,Grohnde,control,154.6,>50,dissolved_oxygen,2020,6.775,4
DESM_DENI_49752022,BRAKE,UEBERGANGSGEWAESSER DER WESER,53.31519,8.48608,Weser,downstream,Grohnde,control,154.6,>50,dissolved_oxygen,2021,7.025,4
DESM_DENI_49752022,BRAKE,UEBERGANGSGEWAESSER DER WESER,53.31519,8.48608,Weser,downstream,Grohnde,control,154.6,>50,dissolved_oxygen,2022,6.9,4
DESM_DENI_49752022,BRAKE,UEBERGANGSGEWAESSER DER WESER,53.31519,8.48608,Weser,downstream,Grohnde,control,154.6,>50,dissolved_oxygen,2023,7.0,4
DESM_DENI_49752022,BRAKE,UEBERGANGSGEWAESSER DER WESER,53.31519,8.48608,Weser,downstream,Grohnde,control,154.6,>50,dissolved_oxygen,2024,7.725,4
DESM_HE_115,SCHWARZBACH TREBURASTHEIM MESSSTATION,SCHWARZBACHASTHEIM,49.9561,8.3573,Rhine,downstream,Biblis A,treatment,27.3,25-50,dissolved_oxygen,2020,7.24,122
DESM_HE_115,SCHWARZBACH TREBURASTHEIM MESSSTATION,SCHWARZBACHASTHEIM,49.9561,8.3573,Rhine,downstream,Biblis A,treatment,27.3,25-50,dissolved_oxygen,2021,4.684,122
DESM_HE_115,SCHWARZBACH TREBURASTHEIM MESSSTATION,SCHWARZBACHASTHEIM,49.9561,8.3573,Rhine,downstream,Biblis A,treatment,27.3,25-50,dissolved_oxygen,2022,7.512,121
DESM_HE_130,MAIN BISCHOFSHEIM MESSSTATION RECHTES UFER,MAIN  HESSEN,49.9994,8.3455,Main,downstream,Grafenrheinfeld,staggered_treatment,129.1,>50,dissolved_oxygen,2020,6.782,120
DESM_HE_130,MAIN BISCHOFSHEIM MESSSTATION RECHTES UFER,MAIN  HESSEN,49.9994,8.3455,Main,downstream,Grafenrheinfeld,staggered_treatment,129.1,>50,dissolved_oxygen,2021,6.724,113
DESM_HE_130,MAIN BISCHOFSHEIM MESSSTATION RECHTES UFER,MAIN  HESSEN,49.9994,8.3455,Main,downstream,Grafenrheinfeld,staggered_treatment,129.1,>50,dissolved_oxygen,2022,7.54,92
DESM_HE_378,DIEMEL BAD KARLSHAFENHELMARSHAUSEN,UNTERE DIEMEL,51.6314,9.4655,Weser,upstream,,,,,dissolved_oxygen,2020,8.363,8
DESM_HE_378,DIEMEL BAD KARLSHAFENHELMARSHAUSEN,UNTERE DIEMEL,51.6314,9.4655,Weser,upstream,,,,,dissolved_oxygen,2021,8.537,8
DESM_HE_378,DIEMEL BAD KARLSHAFENHELMARSHAUSEN,UNTERE DIEMEL,51.6314,9.4655,Weser,upstream,,,,,dissolved_oxygen,2022,9.425,8
DESM_HE_378,DIEMEL BAD KARLSHAFENHELMARSHAUSEN,UNTERE DIEMEL,51.6314,9.4655,Weser,upstream,,,,,dissolved_oxygen,2023,9.125,8
DESM_HE_380,NIDDA FRANKFURTNIED MESSSTATION,NIDDAFRANKFURT,50.1002,8.5606,Main,downstream,Grafenrheinfeld,staggered_treatment,115.9,>50,dissolved_oxygen,2020,8.135,122
DESM_HE_380,NIDDA FRANKFURTNIED MESSSTATION,NIDDAFRANKFURT,50.1002,8.5606,Main,downstream,Grafenrheinfeld,staggered_treatment,115.9,>50,dissolved_oxygen,2021,8.498,121
DESM_HE_380,NIDDA FRANKFURTNIED MESSSTATION,NIDDAFRANKFURT,50.1002,8.5606,Main,downstream,Grafenrheinfeld,staggered_treatment,115.9,>50,dissolved_oxygen,2022,8.195,118
DESM_NW731808,UH KA BAD OEYNHAUSEN,WERRE,52.21949,8.8254,Weser,downstream,Grohnde,control,32.8,25-50,dissolved_oxygen,2020,9.8,1
DESM_NW731808,UH KA BAD OEYNHAUSEN,WERRE,52.21949,8.8254,Weser,downstream,Grohnde,control,32.8,25-50,dissolved_oxygen,2021,8.0,1
DESM_NW731808,UH KA BAD OEYNHAUSEN,WERRE,52.21949,8.8254,Weser,downstream,Grohnde,control,32.8,25-50,dissolved_oxygen,2022,8.6,1
DESM_NW731808,UH KA BAD OEYNHAUSEN,WERRE,52.21949,8.8254,Weser,downstream,Grohnde,control,32.8,25-50,dissolved_oxygen,2023,8.25,2
DESM_NW731808,UH KA BAD OEYNHAUSEN,WERRE,52.21949,8.8254,Weser,downstream,Grohnde,control,32.8,25-50,dissolved_oxygen,2024,9.6,1
DESM_NW805180,E 1A  UH KA RHEINENORD  EU,EMS,52.30786,7.42164,Ems,upstream,,,,,dissolved_oxygen,2020,7.912,8
DESM_NW805180,E 1A  UH KA RHEINENORD  EU,EMS,52.30786,7.42164,Ems,upstream,,,,,dissolved_oxygen,2021,8.298,5
DESM_NW805180,E 1A  UH KA RHEINENORD  EU,EMS,52.30786,7.42164,Ems,upstream,,,,,dissolved_oxygen,2022,7.7,2
DESM_NW805180,E 1A  UH KA RHEINENORD  EU,EMS,52.30786,7.42164,Ems,upstream,,,,,dissolved_oxygen,2023,8.86,5
DESM_NW805180,E 1A  UH KA RHEINENORD  EU,EMS,52.30786,7.42164,Ems,upstream,,,,,dissolved_oxygen,2024,9.1,5
DE5869,NEUENFELDE,SEEVE - ESTE,53.51386,9.80207,Elbe,upstream,,,,,water_temperature,2008,11.2,1
DEGM_BY_1131703700020,KEIN NAME,NAME,48.94573,11.98303,Danube,downstream,Gundremmingen B,staggered_treatment,126.3,>50,water_temperature,2012,16.0,1
DEGM_BY_1131703700020,KEIN NAME,NAME,48.94573,11.98303,Danube,downstream,Gundremmingen B,staggered_treatment,126.3,>50,water_temperature,2013,16.1,1
DEGM_BY_1131703700020,KEIN NAME,NAME,48.94573,11.98303,Danube,downstream,Gundremmingen B,staggered_treatment,126.3,>50,water_temperature,2014,16.5,1
DEGM_BY_1131703700020,KEIN NAME,NAME,48.94573,11.98303,Danube,downstream,Gundremmingen B,staggered_treatment,126.3,>50,water_temperature,2020,14.1,1
DEGM_BY_1131703700020,KEIN NAME,NAME,48.94573,11.98303,Danube,downstream,Gundremmingen B,staggered_treatment,126.3,>50,water_temperature,2021,14.5,1
DEGM_BY_1131703700020,KEIN NAME,NAME,48.94573,11.98303,Danube,downstream,Gundremmingen B,staggered_treatment,126.3,>50,water_temperature,2022,13.3,1
DEGM_BY_1131703700020,KEIN NAME,NAME,48.94573,11.98303,Danube,downstream,Gundremmingen B,staggered_treatment,126.3,>50,water_temperature,2023,12.9,1
DEGM_BY_1131734000021,KEIN NAME,NAME,48.6303,12.49426,Isar,downstream,Isar 1,partial,14.3,10-25,water_temperature,2013,11.7,1
DEGM_BY_1131734000021,KEIN NAME,NAME,48.6303,12.49426,Isar,downstream,Isar 1,partial,14.3,10-25,water_temperature,2015,12.5,1
DEGM_BY_1131734000021,KEIN NAME,NAME,48.6303,12.49426,Isar,downstream,Isar 1,partial,14.3,10-25,water_temperature,2016,12.6,1
DEGM_BY_1131734000021,KEIN NAME,NAME,48.6303,12.49426,Isar,downstream,Isar 1,partial,14.3,10-25,water_temperature,2020,12.2,1
DEGM_BY_1131734000021,KEIN NAME,NAME,48.6303,12.49426,Isar,downstream,Isar 1,partial,14.3,10-25,water_temperature,2021,13.4,1
DEGM_BY_1131734000021,KEIN NAME,NAME,48.6303,12.49426,Isar,downstream,Isar 1,partial,14.3,10-25,water_temperature,2022,14.1,1
DEGM_DEBW_1251-305-8,BR NORD BEREGNUNGSVERBAND DOSSENHEIM,NAME,49.45773,8.65689,Neckar,downstream,Neckarwestheim 1,partial,58.9,>50,water_temperature,2012,13.0,1
DEGM_DEBW_1251-305-8,BR NORD BEREGNUNGSVERBAND DOSSENHEIM,NAME,49.45773,8.65689,Neckar,downstream,Neckarwestheim 1,partial,58.9,>50,water_temperature,2013,12.8,1
DEGM_DEBW_1251-305-8,BR NORD BEREGNUNGSVERBAND DOSSENHEIM,NAME,49.45773,8.65689,Neckar,downstream,Neckarwestheim 1,partial,58.9,>50,water_temperature,2014,13.4,1
DEGM_DEBW_1251-305-8,BR NORD BEREGNUNGSVERBAND DOSSENHEIM,NAME,49.45773,8.65689,Neckar,downstream,Neckarwestheim 1,partial,58.9,>50,water_temperature,2015,14.3,1
DEGM_DEBW_1251-305-8,BR NORD BEREGNUNGSVERBAND DOSSENHEIM,NAME,49.45773,8.65689,Neckar,downstream,Neckarwestheim 1,partial,58.9,>50,water_temperature,2016,15.1,1
DEGM_DEBW_1251-305-8,BR NORD BEREGNUNGSVERBAND DOSSENHEIM,NAME,49.45773,8.65689,Neckar,downstream,Neckarwestheim 1,partial,58.9,>50,water_temperature,2017,14.0,1
DEGM_DEBW_1251-305-8,BR NORD BEREGNUNGSVERBAND DOSSENHEIM,NAME,49.45773,8.65689,Neckar,downstream,Neckarwestheim 1,partial,58.9,>50,water_temperature,2018,12.9,1
DEGM_DEBW_1251-305-8,BR NORD BEREGNUNGSVERBAND DOSSENHEIM,NAME,49.45773,8.65689,Neckar,downstream,Neckarwestheim 1,partial,58.9,>50,water_temperature,2019,13.5,1
DEGM_DEBW_1251-305-8,BR NORD BEREGNUNGSVERBAND DOSSENHEIM,NAME,49.45773,8.65689,Neckar,downstream,Neckarwestheim 1,partial,58.9,>50,water_temperature,2020,13.2,1
DEGM_DEBW_1251-305-8,BR NORD BEREGNUNGSVERBAND DOSSENHEIM,NAME,49.45773,8.65689,Neckar,downstream,Neckarwestheim 1,partial,58.9,>50,water_temperature,2022,14.5,1
DEGM_DEBW_1251-305-8,BR NORD BEREGNUNGSVERBAND DOSSENHEIM,NAME,49.45773,8.65689,Neckar,downstream,Neckarwestheim 1,partial,58.9,>50,water_temperature,2023,13.6,1
DEGM_DEBW_1251-305-8,BR NORD BEREGNUNGSVERBAND DOSSENHEIM,NAME,49.45773,8.65689,Neckar,downstream,Neckarwestheim 1,partial,58.9,>50,water_temperature,2024,14.1,1
DEGM_DEBW_133-254-6,GWM FLACH KIRSCHGARTSHAUSEN KAELBERWEIDE MASANDHOFEN,NAME,49.58248,8.44112,Rhine,downstream,Philippsburg 1,partial,36.5,25-50,water_temperature,2009,12.0,1
DEGM_DEBW_133-254-6,GWM FLACH KIRSCHGARTSHAUSEN KAELBERWEIDE MASANDHOFEN,NAME,49.58248,8.44112,Rhine,downstream,Philippsburg 1,partial,36.5,25-50,water_temperature,2010,11.45,2
DEGM_DEBW_133-254-6,GWM FLACH KIRSCHGARTSHAUSEN KAELBERWEIDE MASANDHOFEN,NAME,49.58248,8.44112,Rhine,downstream,Philippsburg 1,partial,36.5,25-50,water_temperature,2011,11.3,1
DEGM_DEBW_133-254-6,GWM FLACH KIRSCHGARTSHAUSEN KAELBERWEIDE MASANDHOFEN,NAME,49.58248,8.44112,Rhine,downstream,Philippsburg 1,partial,36.5,25-50,water_temperature,2012,11.4,1
DEGM_DEBW_133-254-6,GWM FLACH KIRSCHGARTSHAUSEN KAELBERWEIDE MASANDHOFEN,NAME,49.58248,8.44112,Rhine,downstream,Philippsburg 1,partial,36.5,25-50,water_temperature,2013,11.6,1
DEGM_DEBW_133-254-6,GWM FLACH KIRSCHGARTSHAUSEN KAELBERWEIDE MASANDHOFEN,NAME,49.58248,8.44112,Rhine,downstream,Philippsburg 1,partial,36.5,25-50,water_temperature,2014,11.8,1
DEGM_DEBW_133-254-6,GWM FLACH KIRSCHGARTSHAUSEN KAELBERWEIDE MASANDHOFEN,NAME,49.58248,8.44112,Rhine,downstream,Philippsburg 1,partial,36.5,25-50,water_temperature,2015,11.8,1
DEGM_DEBW_133-254-6,GWM FLACH KIRSCHGARTSHAUSEN KAELBERWEIDE MASANDHOFEN,NAME,49.58248,8.44112,Rhine,downstream,Philippsburg 1,partial,36.5,25-50,water_temperature,2017,12.4,1
DEGM_DEBW_133-254-6,GWM FLACH KIRSCHGARTSHAUSEN KAELBERWEIDE MASANDHOFEN,NAME,49.58248,8.44112,Rhine,downstream,Philippsburg 1,partial,36.5,25-50,water_temperature,2018,11.5,1
DEGM_DEBW_133-254-6,GWM FLACH KIRSCHGARTSHAUSEN KAELBERWEIDE MASANDHOFEN,NAME,49.58248,8.44112,Rhine,downstream,Philippsburg 1,partial,36.5,25-50,water_temperature,2019,12.3,1
DEGM_DEBW_133-254-6,GWM FLACH KIRSCHGARTSHAUSEN KAELBERWEIDE MASANDHOFEN,NAME,49.58248,8.44112,Rhine,downstream,Philippsburg 1,partial,36.5,25-50,water_temperature,2020,12.1,1
DEGM_DEBW_133-254-6,GWM FLACH KIRSCHGARTSHAUSEN KAELBERWEIDE MASANDHOFEN,NAME,49.58248,8.44112,Rhine,downstream,Philippsburg 1,partial,36.5,25-50,water_temperature,2022,12.1,1
DEGM_DEBW_133-254-6,GWM FLACH KIRSCHGARTSHAUSEN KAELBERWEIDE MASANDHOFEN,NAME,49.58248,8.44112,Rhine,downstream,Philippsburg 1,partial,36.5,25-50,water_temperature,2023,12.9,1
DEGM_DEBW_133-254-6,GWM FLACH KIRSCHGARTSHAUSEN KAELBERWEIDE MASANDHOFEN,NAME,49.58248,8.44112,Rhine,downstream,Philippsburg 1,partial,36.5,25-50,water_temperature,2024,12.6,1
DEGM_DEBW_31-510-1,TB I HOHES GESTAD BEIHINGEN,NAME,48.94337,9.21894,Neckar,upstream,,,,,water_temperature,2012,12.6,1
DEGM_DEBW_31-510-1,TB I HOHES GESTAD BEIHINGEN,NAME,48.94337,9.21894,Neckar,upstream,,,,,water_temperature,2013,12.4,1
DEGM_DEBW_31-510-1,TB I HOHES GESTAD BEIHINGEN,NAME,48.94337,9.21894,Neckar,upstream,,,,,water_temperature,2014,11.8,1
DEGM_DEBW_31-510-1,TB I HOHES GESTAD BEIHINGEN,NAME,48.94337,9.21894,Neckar,upstream,,,,,water_temperature,2016,12.4,1
DEGM_DEBW_31-510-1,TB I HOHES GESTAD BEIHINGEN,NAME,48.94337,9.21894,Neckar,upstream,,,,,water_temperature,2017,12.5,1
DEGM_DEBW_31-510-1,TB I HOHES GESTAD BEIHINGEN,NAME,48.94337,9.21894,Neckar,upstream,,,,,water_temperature,2018,12.5,1
DEGM_DEBW_31-510-1,TB I HOHES GESTAD BEIHINGEN,NAME,48.94337,9.21894,Neckar,upstream,,,,,water_temperature,2019,12.6,1
DEGM_DEBW_31-510-1,TB I HOHES GESTAD BEIHINGEN,NAME,48.94337,9.21894,Neckar,upstream,,,,,water_temperature,2020,12.3,1
DEGM_DEBW_31-510-1,TB I HOHES GESTAD BEIHINGEN,NAME,48.94337,9.21894,Neckar,upstream,,,,,water_temperature,2021,12.5,1
DEGM_DEBW_31-510-1,TB I HOHES GESTAD BEIHINGEN,NAME,48.94337,9.21894,Neckar,upstream,,,,,water_temperature,2022,12.4,1
DEGM_DEBW_31-510-1,TB I HOHES GESTAD BEIHINGEN,NAME,48.94337,9.21894,Neckar,upstream,,,,,water_temperature,2023,12.5,1
DEGM_DEBW_31-510-1,TB I HOHES GESTAD BEIHINGEN,NAME,48.94337,9.21894,Neckar,upstream,,,,,water_temperature,2024,12.7,1
DEGM_DEBW_44-602-0,BBR IV WV STADTWERKE WERTHEIM GMBH DERTINGEN,NAME,49.76907,9.59709,Main,downstream,Grafenrheinfeld,staggered_treatment,37.0,25-50,water_temperature,2012,11.2,1
DEGM_DEBW_44-602-0,BBR IV WV STADTWERKE WERTHEIM GMBH DERTINGEN,NAME,49.76907,9.59709,Main,downstream,Grafenrheinfeld,staggered_treatment,37.0,25-50,water_temperature,2013,11.1,1
DEGM_DEBW_44-602-0,BBR IV WV STADTWERKE WERTHEIM GMBH DERTINGEN,NAME,49.76907,9.59709,Main,downstream,Grafenrheinfeld,staggered_treatment,37.0,25-50,water_temperature,2014,11.2,1
DEGM_DEBW_44-602-0,BBR IV WV STADTWERKE WERTHEIM GMBH DERTINGEN,NAME,49.76907,9.59709,Main,downstream,Grafenrheinfeld,staggered_treatment,37.0,25-50,water_temperature,2015,11.25,2
DEGM_DEBW_44-602-0,BBR IV WV STADTWERKE WERTHEIM GMBH DERTINGEN,NAME,49.76907,9.59709,Main,downstream,Grafenrheinfeld,staggered_treatment,37.0,25-50,water_temperature,2016,11.1,1
DEGM_DEBW_44-602-0,BBR IV WV STADTWERKE WERTHEIM GMBH DERTINGEN,NAME,49.76907,9.59709,Main,downstream,Grafenrheinfeld,staggered_treatment,37.0,25-50,water_temperature,2017,11.1,2
DEGM_DEBW_44-602-0,BBR IV WV STADTWERKE WERTHEIM GMBH DERTINGEN,NAME,49.76907,9.59709,Main,downstream,Grafenrheinfeld,staggered_treatment,37.0,25-50,water_temperature,2018,11.3,1
DEGM_DEBW_44-602-0,BBR IV WV STADTWERKE WERTHEIM GMBH DERTINGEN,NAME,49.76907,9.59709,Main,downstream,Grafenrheinfeld,staggered_treatment,37.0,25-50,water_temperature,2019,11.5,1
DEGM_DEBW_44-602-0,BBR IV WV STADTWERKE WERTHEIM GMBH DERTINGEN,NAME,49.76907,9.59709,Main,downstream,Grafenrheinfeld,staggered_treatment,37.0,25-50,water_temperature,2020,11.2,1
DEGM_DEBW_44-602-0,BBR IV WV STADTWERKE WERTHEIM GMBH DERTINGEN,NAME,49.76907,9.59709,Main,downstream,Grafenrheinfeld,staggered_treatment,37.0,25-50,water_temperature,2021,11.2,1
DEGM_DEBW_44-602-0,BBR IV WV STADTWERKE WERTHEIM GMBH DERTINGEN,NAME,49.76907,9.59709,Main,downstream,Grafenrheinfeld,staggered_treatment,37.0,25-50,water_temperature,2022,11.8,1
DEGM_DEBW_44-602-0,BBR IV WV STADTWERKE WERTHEIM GMBH DERTINGEN,NAME,49.76907,9.59709,Main,downstream,Grafenrheinfeld,staggered_treatment,37.0,25-50,water_temperature,2024,11.6,1
DEGM_DEBY_1131603000044,KEIN NAME,NAME,49.93403,10.77128,Main,upstream,,,,,water_temperature,2010,9.7,1
DEGM_DEBY_1131603000044,KEIN NAME,NAME,49.93403,10.77128,Main,upstream,,,,,water_temperature,2013,9.8,1
DEGM_DEBY_1131603000044,KEIN NAME,NAME,49.93403,10.77128,Main,upstream,,,,,water_temperature,2014,10.3,1
DEGM_DEBY_1131603000044,KEIN NAME,NAME,49.93403,10.77128,Main,upstream,,,,,water_temperature,2015,9.9,1
DEGM_DEBY_1131603000044,KEIN NAME,NAME,49.93403,10.77128,Main,upstream,,,,,water_temperature,2016,10.2,1
DEGM_DEBY_1131603000044,KEIN NAME,NAME,49.93403,10.77128,Main,upstream,,,,,water_temperature,2018,10.6,1
DEGM_DEBY_1131603000044,KEIN NAME,NAME,49.93403,10.77128,Main,upstream,,,,,water_temperature,2019,10.5,1
DEGM_DEBY_1131603000044,KEIN NAME,NAME,49.93403,10.77128,Main,upstream,,,,,water_temperature,2020,10.9,1
DEGM_DEBY_1131603000044,KEIN NAME,NAME,49.93403,10.77128,Main,upstream,,,,,water_temperature,2022,10.9,1
DEGM_DEBY_1131603000044,KEIN NAME,NAME,49.93403,10.77128,Main,upstream,,,,,water_temperature,2024,11.4,1
DEGM_DEBY_1131713600015,KEIN NAME,NAME,48.85906,11.8038,Danube,downstream,Gundremmingen B,staggered_treatment,110.3,>50,water_temperature,2013,11.2,1
DEGM_DEBY_1131713600015,KEIN NAME,NAME,48.85906,11.8038,Danube,downstream,Gundremmingen B,staggered_treatment,110.3,>50,water_temperature,2014,10.5,1
DEGM_DEBY_1131713600015,KEIN NAME,NAME,48.85906,11.8038,Danube,downstream,Gundremmingen B,staggered_treatment,110.3,>50,water_temperature,2021,11.2,1
DEGM_DEBY_1131713600015,KEIN NAME,NAME,48.85906,11.8038,Danube,downstream,Gundremmingen B,staggered_treatment,110.3,>50,water_temperature,2022,11.0,1
DEGM_DEBY_1131713600015,KEIN NAME,NAME,48.85906,11.8038,Danube,downstream,Gundremmingen B,staggered_treatment,110.3,>50,water_temperature,2023,10.8,1
DEGM_DEBY_1131713600015,KEIN NAME,NAME,48.85906,11.8038,Danube,downstream,Gundremmingen B,staggered_treatment,110.3,>50,water_temperature,2024,10.8,1
DEGM_DEBY_4110592700159,KEIN NAME,NAME,50.03437,10.26596,Main,upstream,,,,,water_temperature,2012,12.0,1
DEGM_DEBY_4110592700159,KEIN NAME,NAME,50.03437,10.26596,Main,upstream,,,,,water_temperature,2013,11.7,1
DEGM_DEBY_4110592700159,KEIN NAME,NAME,50.03437,10.26596,Main,upstream,,,,,water_temperature,2015,11.2,1
DEGM_DEBY_4110592700159,KEIN NAME,NAME,50.03437,10.26596,Main,upstream,,,,,water_temperature,2023,11.95,2
DEGM_DEBY_4110592700159,KEIN NAME,NAME,50.03437,10.26596,Main,upstream,,,,,water_temperature,2024,12.0,1
DEGM_DEBY_4110622600018,KEIN NAME,NAME,49.72086,10.1391,Main,upstream,,,,,water_temperature,2012,12.3,1
DEGM_DEBY_4110622600018,KEIN NAME,NAME,49.72086,10.1391,Main,upstream,,,,,water_temperature,2013,12.5,1
DEGM_DEBY_4110622600018,KEIN NAME,NAME,49.72086,10.1391,Main,upstream,,,,,water_temperature,2014,12.7,1
DEGM_DEBY_4110622600018,KEIN NAME,NAME,49.72086,10.1391,Main,upstream,,,,,water_temperature,2015,12.6,1
DEGM_DEBY_4110622600018,KEIN NAME,NAME,49.72086,10.1391,Main,upstream,,,,,water_temperature,2019,12.8,1
DEGM_DEBY_4110622600018,KEIN NAME,NAME,49.72086,10.1391,Main,upstream,,,,,water_temperature,2020,12.4,1
DEGM_DEBY_4110622600018,KEIN NAME,NAME,49.72086,10.1391,Main,upstream,,,,,water_temperature,2021,12.4,1
DEGM_DEBY_4110622600018,KEIN NAME,NAME,49.72086,10.1391,Main,upstream,,,,,water_temperature,2022,12.45,2
DEGM_DEBY_4110622600018,KEIN NAME,NAME,49.72086,10.1391,Main,upstream,,,,,water_temperature,2023,12.7,2
DEGM_DEBY_4110632600034,KEIN NAME,NAME,49.66372,10.10771,Main,upstream,,,,,water_temperature,2008,13.3,1
DEGM_DEBY_4110632600034,KEIN NAME,NAME,49.66372,10.10771,Main,upstream,,,,,water_temperature,2010,12.9,1
DEGM_DEBY_4110632600034,KEIN NAME,NAME,49.66372,10.10771,Main,upstream,,,,,water_temperature,2012,13.1,1
DEGM_DEBY_4110632600034,KEIN NAME,NAME,49.66372,10.10771,Main,upstream,,,,,water_temperature,2013,13.4,1
DEGM_DEBY_4110632600034,KEIN NAME,NAME,49.66372,10.10771,Main,upstream,,,,,water_temperature,2014,12.7,1
DEGM_DEBY_4110632600034,KEIN NAME,NAME,49.66372,10.10771,Main,upstream,,,,,water_temperature,2016,12.7,1
DEGM_DEBY_4110632600034,KEIN NAME,NAME,49.66372,10.10771,Main,upstream,,,,,water_temperature,2018,13.3,1
DEGM_DEBY_4110632600034,KEIN NAME,NAME,49.66372,10.10771,Main,upstream,,,,,water_temperature,2019,13.1,1
DEGM_DEBY_4110632600034,KEIN NAME,NAME,49.66372,10.10771,Main,upstream,,,,,water_temperature,2020,12.6,1
DEGM_DEBY_4110632600034,KEIN NAME,NAME,49.66372,10.10771,Main,upstream,,,,,water_temperature,2023,13.0,1
DEGM_DEBY_4110704000002,KEIN NAME,NAME,48.99143,12.3716,Danube,downstream,Gundremmingen B,staggered_treatment,154.7,>50,water_temperature,2008,10.1,1
DEGM_DEBY_4110704000002,KEIN NAME,NAME,48.99143,12.3716,Danube,downstream,Gundremmingen B,staggered_treatment,154.7,>50,water_temperature,2009,10.3,1
DEGM_DEBY_4110704000002,KEIN NAME,NAME,48.99143,12.3716,Danube,downstream,Gundremmingen B,staggered_treatment,154.7,>50,water_temperature,2012,9.8,1
DEGM_DEBY_4110704000002,KEIN NAME,NAME,48.99143,12.3716,Danube,downstream,Gundremmingen B,staggered_treatment,154.7,>50,water_temperature,2013,10.0,1
DEGM_DEBY_4110704000002,KEIN NAME,NAME,48.99143,12.3716,Danube,downstream,Gundremmingen B,staggered_treatment,154.7,>50,water_temperature,2014,10.6,1
DEGM_DEBY_4110704000002,KEIN NAME,NAME,48.99143,12.3716,Danube,downstream,Gundremmingen B,staggered_treatment,154.7,>50,water_temperature,2015,11.3,1
DEGM_DEBY_4110704000002,KEIN NAME,NAME,48.99143,12.3716,Danube,downstream,Gundremmingen B,staggered_treatment,154.7,>50,water_temperature,2017,10.8,1
DEGM_DEBY_4110704000002,KEIN NAME,NAME,48.99143,12.3716,Danube,downstream,Gundremmingen B,staggered_treatment,154.7,>50,water_temperature,2018,11.2,1
DEGM_DEBY_4110704000002,KEIN NAME,NAME,48.99143,12.3716,Danube,downstream,Gundremmingen B,staggered_treatment,154.7,>50,water_temperature,2019,12.4,1
DEGM_DEBY_4110704000002,KEIN NAME,NAME,48.99143,12.3716,Danube,downstream,Gundremmingen B,staggered_treatment,154.7,>50,water_temperature,2021,11.9,1
DEGM_DEBY_4110704000002,KEIN NAME,NAME,48.99143,12.3716,Danube,downstream,Gundremmingen B,staggered_treatment,154.7,>50,water_temperature,2022,12.1,1
DEGM_DEBY_4110704000002,KEIN NAME,NAME,48.99143,12.3716,Danube,downstream,Gundremmingen B,staggered_treatment,154.7,>50,water_temperature,2023,12.1,1
DEGM_DEBY_4110704000002,KEIN NAME,NAME,48.99143,12.3716,Danube,downstream,Gundremmingen B,staggered_treatment,154.7,>50,water_temperature,2024,12.5,1
DEGM_DEBY_4110763600001,KEIN NAME,NAME,48.38401,11.72061,Isar,upstream,,,,,water_temperature,2013,13.0,1
DEGM_DEBY_4110763600001,KEIN NAME,NAME,48.38401,11.72061,Isar,upstream,,,,,water_temperature,2014,11.2,1
DEGM_DEBY_4110763600001,KEIN NAME,NAME,48.38401,11.72061,Isar,upstream,,,,,water_temperature,2015,12.7,1
DEGM_DEBY_4110763600001,KEIN NAME,NAME,48.38401,11.72061,Isar,upstream,,,,,water_temperature,2016,11.3,1
DEGM_DEBY_4110763600001,KEIN NAME,NAME,48.38401,11.72061,Isar,upstream,,,,,water_temperature,2017,11.8,1
DEGM_DEBY_4110763600001,KEIN NAME,NAME,48.38401,11.72061,Isar,upstream,,,,,water_temperature,2019,12.4,1
DEGM_DEBY_4110763600001,KEIN NAME,NAME,48.38401,11.72061,Isar,upstream,,,,,water_temperature,2020,11.7,1
DEGM_DEBY_4110763600001,KEIN NAME,NAME,48.38401,11.72061,Isar,upstream,,,,,water_temperature,2021,12.5,1
DEGM_DEBY_4110763600001,KEIN NAME,NAME,48.38401,11.72061,Isar,upstream,,,,,water_temperature,2023,10.867,3
DEGM_DEBY_4110763600001,KEIN NAME,NAME,48.38401,11.72061,Isar,upstream,,,,,water_temperature,2024,12.1,1
DEGM_DEBY_4120602400057,KEIN NAME,NAME,49.9833,9.72298,Main,downstream,Grafenrheinfeld,staggered_treatment,32.2,25-50,water_temperature,2008,11.2,1
DEGM_DEBY_4120602400057,KEIN NAME,NAME,49.9833,9.72298,Main,downstream,Grafenrheinfeld,staggered_treatment,32.2,25-50,water_temperature,2009,11.3,1
DEGM_DEBY_4120602400057,KEIN NAME,NAME,49.9833,9.72298,Main,downstream,Grafenrheinfeld,staggered_treatment,32.2,25-50,water_temperature,2012,10.6,1
DEGM_DEBY_4120602400057,KEIN NAME,NAME,49.9833,9.72298,Main,downstream,Grafenrheinfeld,staggered_treatment,32.2,25-50,water_temperature,2013,10.6,1
DEGM_DEBY_4120602400057,KEIN NAME,NAME,49.9833,9.72298,Main,downstream,Grafenrheinfeld,staggered_treatment,32.2,25-50,water_temperature,2015,11.9,1
DEGM_DEBY_4120602400057,KEIN NAME,NAME,49.9833,9.72298,Main,downstream,Grafenrheinfeld,staggered_treatment,32.2,25-50,water_temperature,2016,11.5,1
DEGM_DEBY_4120602400057,KEIN NAME,NAME,49.9833,9.72298,Main,downstream,Grafenrheinfeld,staggered_treatment,32.2,25-50,water_temperature,2018,10.8,1
DEGM_DEBY_4120602400057,KEIN NAME,NAME,49.9833,9.72298,Main,downstream,Grafenrheinfeld,staggered_treatment,32.2,25-50,water_temperature,2019,11.3,1
DEGM_DEBY_4120602400057,KEIN NAME,NAME,49.9833,9.72298,Main,downstream,Grafenrheinfeld,staggered_treatment,32.2,25-50,water_temperature,2023,11.5,1
DEGM_DEBY_4120612500010,KEIN NAME,NAME,49.80059,9.93666,Main,downstream,Grafenrheinfeld,staggered_treatment,13.7,10-25,water_temperature,2012,12.9,1
DEGM_DEBY_4120612500010,KEIN NAME,NAME,49.80059,9.93666,Main,downstream,Grafenrheinfeld,staggered_treatment,13.7,10-25,water_temperature,2013,12.9,1
DEGM_DEBY_4120612500010,KEIN NAME,NAME,49.80059,9.93666,Main,downstream,Grafenrheinfeld,staggered_treatment,13.7,10-25,water_temperature,2014,13.9,1
DEGM_DEBY_4120612500010,KEIN NAME,NAME,49.80059,9.93666,Main,downstream,Grafenrheinfeld,staggered_treatment,13.7,10-25,water_temperature,2015,12.95,2
DEGM_DEBY_4120612500010,KEIN NAME,NAME,49.80059,9.93666,Main,downstream,Grafenrheinfeld,staggered_treatment,13.7,10-25,water_temperature,2016,13.4,1
DEGM_DEBY_4120612500010,KEIN NAME,NAME,49.80059,9.93666,Main,downstream,Grafenrheinfeld,staggered_treatment,13.7,10-25,water_temperature,2017,13.2,1
DEGM_DEBY_4120612500010,KEIN NAME,NAME,49.80059,9.93666,Main,downstream,Grafenrheinfeld,staggered_treatment,13.7,10-25,water_temperature,2019,13.0,1
DEGM_DEBY_4120612500010,KEIN NAME,NAME,49.80059,9.93666,Main,downstream,Grafenrheinfeld,staggered_treatment,13.7,10-25,water_temperature,2020,13.4,1
DEGM_DEBY_4120612500010,KEIN NAME,NAME,49.80059,9.93666,Main,downstream,Grafenrheinfeld,staggered_treatment,13.7,10-25,water_temperature,2021,13.9,1
DEGM_DEBY_4120612500010,KEIN NAME,NAME,49.80059,9.93666,Main,downstream,Grafenrheinfeld,staggered_treatment,13.7,10-25,water_temperature,2022,13.3,2
DEGM_DEBY_4120612500010,KEIN NAME,NAME,49.80059,9.93666,Main,downstream,Grafenrheinfeld,staggered_treatment,13.7,10-25,water_temperature,2023,13.1,1
DEGM_DEBY_4120622300012,KEIN NAME,NAME,49.79405,9.6295,Main,downstream,Grafenrheinfeld,staggered_treatment,35.2,25-50,water_temperature,2008,10.8,1
DEGM_DEBY_4120622300012,KEIN NAME,NAME,49.79405,9.6295,Main,downstream,Grafenrheinfeld,staggered_treatment,35.2,25-50,water_temperature,2009,10.9,1
DEGM_DEBY_4120622300012,KEIN NAME,NAME,49.79405,9.6295,Main,downstream,Grafenrheinfeld,staggered_treatment,35.2,25-50,water_temperature,2013,10.6,1
DEGM_DEBY_4120622300012,KEIN NAME,NAME,49.79405,9.6295,Main,downstream,Grafenrheinfeld,staggered_treatment,35.2,25-50,water_temperature,2014,10.6,1
DEGM_DEBY_4120622300012,KEIN NAME,NAME,49.79405,9.6295,Main,downstream,Grafenrheinfeld,staggered_treatment,35.2,25-50,water_temperature,2015,10.75,2
DEGM_DEBY_4120622300012,KEIN NAME,NAME,49.79405,9.6295,Main,downstream,Grafenrheinfeld,staggered_treatment,35.2,25-50,water_temperature,2017,11.0,1
DEGM_DEBY_4120622300012,KEIN NAME,NAME,49.79405,9.6295,Main,downstream,Grafenrheinfeld,staggered_treatment,35.2,25-50,water_temperature,2018,11.1,1
DEGM_DEBY_4120622300012,KEIN NAME,NAME,49.79405,9.6295,Main,downstream,Grafenrheinfeld,staggered_treatment,35.2,25-50,water_temperature,2019,10.9,1
DEGM_DEBY_4120622300012,KEIN NAME,NAME,49.79405,9.6295,Main,downstream,Grafenrheinfeld,staggered_treatment,35.2,25-50,water_temperature,2020,10.9,1
DEGM_DEBY_4120622300012,KEIN NAME,NAME,49.79405,9.6295,Main,downstream,Grafenrheinfeld,staggered_treatment,35.2,25-50,water_temperature,2021,11.1,2
DEGM_DEBY_4120622300012,KEIN NAME,NAME,49.79405,9.6295,Main,downstream,Grafenrheinfeld,staggered_treatment,35.2,25-50,water_temperature,2022,11.6,1
DEGM_DEBY_4120622300012,KEIN NAME,NAME,49.79405,9.6295,Main,downstream,Grafenrheinfeld,staggered_treatment,35.2,25-50,water_temperature,2023,11.8,2
DEGM_DEBY_4120622300012,KEIN NAME,NAME,49.79405,9.6295,Main,downstream,Grafenrheinfeld,staggered_treatment,35.2,25-50,water_temperature,2024,11.0,2
DEGM_DEHB_15_26,FLB123,NAME,53.2144,8.50994,Weser,downstream,Grohnde,control,143.6,>50,water_temperature,2008,11.4,1
DEGM_DEHB_15_26,FLB123,NAME,53.2144,8.50994,Weser,downstream,Grohnde,control,143.6,>50,water_temperature,2010,11.3,1
DEGM_DEHB_15_26,FLB123,NAME,53.2144,8.50994,Weser,downstream,Grohnde,control,143.6,>50,water_temperature,2011,11.2,1
DEGM_DEHB_15_26,FLB123,NAME,53.2144,8.50994,Weser,downstream,Grohnde,control,143.6,>50,water_temperature,2012,11.4,1
DEGM_DEHB_15_26,FLB123,NAME,53.2144,8.50994,Weser,downstream,Grohnde,control,143.6,>50,water_temperature,2013,11.2,1
DEGM_DEHB_15_26,FLB123,NAME,53.2144,8.50994,Weser,downstream,Grohnde,control,143.6,>50,water_temperature,2014,11.7,1
DEGM_DEHB_15_26,FLB123,NAME,53.2144,8.50994,Weser,downstream,Grohnde,control,143.6,>50,water_temperature,2016,11.9,1
DEGM_DEHB_15_26,FLB123,NAME,53.2144,8.50994,Weser,downstream,Grohnde,control,143.6,>50,water_temperature,2018,11.8,1
DEGM_DEHB_15_26,FLB123,NAME,53.2144,8.50994,Weser,downstream,Grohnde,control,143.6,>50,water_temperature,2019,11.9,1
DEGM_DEHB_15_72,FLB433D,NAME,53.07777,8.88911,Weser,downstream,Grohnde,control,120.5,>50,water_temperature,2008,12.3,1
DEGM_DEHB_15_72,FLB433D,NAME,53.07777,8.88911,Weser,downstream,Grohnde,control,120.5,>50,water_temperature,2009,12.1,1
DEGM_DEHB_15_72,FLB433D,NAME,53.07777,8.88911,Weser,downstream,Grohnde,control,120.5,>50,water_temperature,2010,11.8,1
DEGM_DEHB_15_72,FLB433D,NAME,53.07777,8.88911,Weser,downstream,Grohnde,control,120.5,>50,water_temperature,2011,12.0,1
DEGM_DEHB_15_72,FLB433D,NAME,53.07777,8.88911,Weser,downstream,Grohnde,control,120.5,>50,water_temperature,2013,11.9,1
DEGM_DEHB_15_72,FLB433D,NAME,53.07777,8.88911,Weser,downstream,Grohnde,control,120.5,>50,water_temperature,2015,12.5,1
DEGM_DEHB_15_72,FLB433D,NAME,53.07777,8.88911,Weser,downstream,Grohnde,control,120.5,>50,water_temperature,2017,12.4,1
DEGM_DEHH_1947,NINCOPER STRASSE,NAME,53.51387,9.8021,Elbe,upstream,,,,,water_temperature,2014,11.0,1
DEGM_DEHH_1947,NINCOPER STRASSE,NAME,53.51387,9.8021,Elbe,upstream,,,,,water_temperature,2016,11.2,1
DEGM_DENI_40000953,AHER KAEMPE,NAME,52.18564,9.12891,Weser,downstream,Grohnde,control,22.2,10-25,water_temperature,2015,10.9,1
DEGM_DENI_40000953,AHER KAEMPE,NAME,52.18564,9.12891,Weser,downstream,Grohnde,control,22.2,10-25,water_temperature,2019,11.7,1
DEGM_DENI_40000953,AHER KAEMPE,NAME,52.18564,9.12891,Weser,downstream,Grohnde,control,22.2,10-25,water_temperature,2021,12.1,1
DEGM_DENI_40000953,AHER KAEMPE,NAME,52.18564,9.12891,Weser,downstream,Grohnde,control,22.2,10-25,water_temperature,2022,11.1,1
DEGM_DENI_40000953,AHER KAEMPE,NAME,52.18564,9.12891,Weser,downstream,Grohnde,control,22.2,10-25,water_temperature,2023,11.3,1
DEGM_DENI_40000953,AHER KAEMPE,NAME,52.18564,9.12891,Weser,downstream,Grohnde,control,22.2,10-25,water_temperature,2024,11.2,1
DEGM_DENI_40510790,BEXTEN,NAME,52.34246,7.37369,Ems,upstream,,,,,water_temperature,2012,13.1,1
DEGM_DENI_40510790,BEXTEN,NAME,52.34246,7.37369,Ems,upstream,,,,,water_temperature,2013,12.9,1
DEGM_DENI_40510790,BEXTEN,NAME,52.34246,7.37369,Ems,upstream,,,,,water_temperature,2015,13.4,1
DEGM_DENI_40510790,BEXTEN,NAME,52.34246,7.37369,Ems,upstream,,,,,water_temperature,2021,12.65,2
DEGM_DENI_40510790,BEXTEN,NAME,52.34246,7.37369,Ems,upstream,,,,,water_temperature,2022,13.15,2
DEGM_DENI_40510790,BEXTEN,NAME,52.34246,7.37369,Ems,upstream,,,,,water_temperature,2023,14.9,1
DEGM_DENW_100135602,PH 34N   JOESSEN,NAME,52.39755,8.99847,Weser,downstream,Grohnde,control,47.3,25-50,water_temperature,2012,11.8,1
DEGM_DENW_100135602,PH 34N   JOESSEN,NAME,52.39755,8.99847,Weser,downstream,Grohnde,control,47.3,25-50,water_temperature,2017,12.233,3
DEGM_DENW_100135602,PH 34N   JOESSEN,NAME,52.39755,8.99847,Weser,downstream,Grohnde,control,47.3,25-50,water_temperature,2018,13.6,1
DEGM_DENW_100135602,PH 34N   JOESSEN,NAME,52.39755,8.99847,Weser,downstream,Grohnde,control,47.3,25-50,water_temperature,2019,12.6,1
DEGM_DENW_100135602,PH 34N   JOESSEN,NAME,52.39755,8.99847,Weser,downstream,Grohnde,control,47.3,25-50,water_temperature,2020,11.8,1
DEGM_DENW_100135602,PH 34N   JOESSEN,NAME,52.39755,8.99847,Weser,downstream,Grohnde,control,47.3,25-50,water_temperature,2021,11.8,1
DEGM_DENW_100135602,PH 34N   JOESSEN,NAME,52.39755,8.99847,Weser,downstream,Grohnde,control,47.3,25-50,water_temperature,2022,11.9,1
DEGM_DENW_110050125,V12 ISENDORF,NAME,52.20505,7.5117,Ems,upstream,,,,,water_temperature,2012,11.5,1
DEGM_DENW_110050125,V12 ISENDORF,NAME,52.20505,7.5117,Ems,upstream,,,,,water_temperature,2013,12.4,1
DEGM_DENW_110050125,V12 ISENDORF,NAME,52.20505,7.5117,Ems,upstream,,,,,water_temperature,2014,12.1,1
DEGM_DENW_110050125,V12 ISENDORF,NAME,52.20505,7.5117,Ems,upstream,,,,,water_temperature,2016,12.8,1
DEGM_DENW_110050125,V12 ISENDORF,NAME,52.20505,7.5117,Ems,upstream,,,,,water_temperature,2017,11.3,1
DEGM_DENW_110050125,V12 ISENDORF,NAME,52.20505,7.5117,Ems,upstream,,,,,water_temperature,2018,11.5,1
DEGM_DENW_110050125,V12 ISENDORF,NAME,52.20505,7.5117,Ems,upstream,,,,,water_temperature,2019,11.3,1
DEGM_DENW_110050125,V12 ISENDORF,NAME,52.20505,7.5117,Ems,upstream,,,,,water_temperature,2023,11.8,1
DEGM_DENW_110050125,V12 ISENDORF,NAME,52.20505,7.5117,Ems,upstream,,,,,water_temperature,2024,12.1,1
DEGM_DERP_2375222100,1277 I LEIMERSHEIM,NAME,49.12222,8.3404,Rhine,upstream,,,,,water_temperature,2012,13.1,1
DEGM_DERP_2375222100,1277 I LEIMERSHEIM,NAME,49.12222,8.3404,Rhine,upstream,,,,,water_temperature,2017,13.9,1
DEGM_DERP_2375222100,1277 I LEIMERSHEIM,NAME,49.12222,8.3404,Rhine,upstream,,,,,water_temperature,2020,13.1,1
DEGM_DERP_2375222100,1277 I LEIMERSHEIM,NAME,49.12222,8.3404,Rhine,upstream,,,,,water_temperature,2021,13.1,1
DEGM_DERP_2375222100,1277 I LEIMERSHEIM,NAME,49.12222,8.3404,Rhine,upstream,,,,,water_temperature,2022,13.0,1
DEGM_DERP_2391197000,1336 I FRANKENTHAL PFALZ PETERSAU,NAME,49.56746,8.40134,Rhine,downstream,Philippsburg 1,partial,34.8,25-50,water_temperature,2015,13.4,1
DEGM_DERP_2391197000,1336 I FRANKENTHAL PFALZ PETERSAU,NAME,49.56746,8.40134,Rhine,downstream,Philippsburg 1,partial,34.8,25-50,water_temperature,2017,13.2,1
DEGM_DERP_2391197000,1336 I FRANKENTHAL PFALZ PETERSAU,NAME,49.56746,8.40134,Rhine,downstream,Philippsburg 1,partial,34.8,25-50,water_temperature,2018,13.3,1
DEGM_DERP_2391197000,1336 I FRANKENTHAL PFALZ PETERSAU,NAME,49.56746,8.40134,Rhine,downstream,Philippsburg 1,partial,34.8,25-50,water_temperature,2019,13.2,1
DEGM_DERP_2391197000,1336 I FRANKENTHAL PFALZ PETERSAU,NAME,49.56746,8.40134,Rhine,downstream,Philippsburg 1,partial,34.8,25-50,water_temperature,2021,13.7,1
DEGM_DERP_2391197000,1336 I FRANKENTHAL PFALZ PETERSAU,NAME,49.56746,8.40134,Rhine,downstream,Philippsburg 1,partial,34.8,25-50,water_temperature,2022,13.5,1
DEGM_DERP_2397188100,2135 DIENHEIM,NAME,49.8263,8.36563,Rhine,downstream,Biblis A,treatment,12.9,10-25,water_temperature,2008,11.8,1
DEGM_DERP_2397188100,2135 DIENHEIM,NAME,49.8263,8.36563,Rhine,downstream,Biblis A,treatment,12.9,10-25,water_temperature,2009,12.7,1
DEGM_DERP_2397188100,2135 DIENHEIM,NAME,49.8263,8.36563,Rhine,downstream,Biblis A,treatment,12.9,10-25,water_temperature,2010,11.6,1
DEGM_DERP_2397188100,2135 DIENHEIM,NAME,49.8263,8.36563,Rhine,downstream,Biblis A,treatment,12.9,10-25,water_temperature,2011,11.7,1
DEGM_HE_10379,TBR II OESTRICH HATTENHEIM,NAME,50.01183,8.04419,Rhine,downstream,Biblis A,treatment,33.4,25-50,water_temperature,2013,17.9,1
DEGM_HE_10379,TBR II OESTRICH HATTENHEIM,NAME,50.01183,8.04419,Rhine,downstream,Biblis A,treatment,33.4,25-50,water_temperature,2023,13.6,1
DEGM_HE_10379,TBR II OESTRICH HATTENHEIM,NAME,50.01183,8.04419,Rhine,downstream,Biblis A,treatment,33.4,25-50,water_temperature,2024,13.5,1
DEGM_HE_10471,BIEBRICH,NAME,50.03451,8.24336,Rhine,downstream,Biblis A,treatment,35.9,25-50,water_temperature,2023,15.9,1
DEGM_HE_10471,BIEBRICH,NAME,50.03451,8.24336,Rhine,downstream,Biblis A,treatment,35.9,25-50,water_temperature,2024,15.4,1
DEGM_HE_13496,13496NORDHEIM,NAME,49.67151,8.38801,Rhine,downstream,Philippsburg 1,partial,46.3,25-50,water_temperature,2012,14.1,1
DEGM_HE_13496,13496NORDHEIM,NAME,49.67151,8.38801,Rhine,downstream,Philippsburg 1,partial,46.3,25-50,water_temperature,2016,12.5,1
DEGM_HE_13496,13496NORDHEIM,NAME,49.67151,8.38801,Rhine,downstream,Philippsburg 1,partial,46.3,25-50,water_temperature,2018,12.0,1
DEGM_HE_13496,13496NORDHEIM,NAME,49.67151,8.38801,Rhine,downstream,Philippsburg 1,partial,46.3,25-50,water_temperature,2019,13.2,1
DEGM_HE_13496,13496NORDHEIM,NAME,49.67151,8.38801,Rhine,downstream,Philippsburg 1,partial,46.3,25-50,water_temperature,2021,13.1,1
DEGM_HE_13496,13496NORDHEIM,NAME,49.67151,8.38801,Rhine,downstream,Philippsburg 1,partial,46.3,25-50,water_temperature,2022,14.1,1
DEHH_SM_91496,FLUSS,ELBEHAFEN,53.54029,9.87972,Elbe,upstream,,,,,water_temperature,2020,19.3,4
DEHH_SM_91496,FLUSS,ELBEHAFEN,53.54029,9.87972,Elbe,upstream,,,,,water_temperature,2021,20.667,3
DESM_BWU27,KOCHENDORF,KOCHER UNTERH OHRN,49.22325,9.20766,Neckar,downstream,Neckarwestheim 1,partial,12.0,10-25,water_temperature,2020,19.4,9
DESM_BWU27,KOCHENDORF,KOCHER UNTERH OHRN,49.22325,9.20766,Neckar,downstream,Neckarwestheim 1,partial,12.0,10-25,water_temperature,2021,17.956,9
DESM_BWU27,KOCHENDORF,KOCHER UNTERH OHRN,49.22325,9.20766,Neckar,downstream,Neckarwestheim 1,partial,12.0,10-25,water_temperature,2022,20.144,9
DESM_BWU27,KOCHENDORF,KOCHER UNTERH OHRN,49.22325,9.20766,Neckar,downstream,Neckarwestheim 1,partial,12.0,10-25,water_temperature,2023,19.922,9
DESM_BWU27,KOCHENDORF,KOCHER UNTERH OHRN,49.22325,9.20766,Neckar,downstream,Neckarwestheim 1,partial,12.0,10-25,water_temperature,2024,19.189,9
DESM_BWU29,JAGSTFELD,JAGST AB SECKACH,49.24548,9.19336,Neckar,downstream,Neckarwestheim 1,partial,14.4,10-25,water_temperature,2020,18.075,8
DESM_BWU29,JAGSTFELD,JAGST AB SECKACH,49.24548,9.19336,Neckar,downstream,Neckarwestheim 1,partial,14.4,10-25,water_temperature,2021,17.344,9
DESM_BWU29,JAGSTFELD,JAGST AB SECKACH,49.24548,9.19336,Neckar,downstream,Neckarwestheim 1,partial,14.4,10-25,water_temperature,2022,18.467,9
DESM_BWU29,JAGSTFELD,JAGST AB SECKACH,49.24548,9.19336,Neckar,downstream,Neckarwestheim 1,partial,14.4,10-25,water_temperature,2023,18.078,9
DESM_BWU29,JAGSTFELD,JAGST AB SECKACH,49.24548,9.19336,Neckar,downstream,Neckarwestheim 1,partial,14.4,10-25,water_temperature,2024,17.844,9
DESM_BWU40,KARLSRUHE,FREIFLIESSENDE RHEINSTRECKE UNTERH STAUSTUFE IFFEZHEIM BIS OBERH LAUTERMUENDUNG,48.92298,8.16898,Rhine,upstream,,,,,water_temperature,2020,20.711,9
DESM_BWU40,KARLSRUHE,FREIFLIESSENDE RHEINSTRECKE UNTERH STAUSTUFE IFFEZHEIM BIS OBERH LAUTERMUENDUNG,48.92298,8.16898,Rhine,upstream,,,,,water_temperature,2021,19.367,9
DESM_BWU40,KARLSRUHE,FREIFLIESSENDE RHEINSTRECKE UNTERH STAUSTUFE IFFEZHEIM BIS OBERH LAUTERMUENDUNG,48.92298,8.16898,Rhine,upstream,,,,,water_temperature,2022,22.056,9
DESM_BWU40,KARLSRUHE,FREIFLIESSENDE RHEINSTRECKE UNTERH STAUSTUFE IFFEZHEIM BIS OBERH LAUTERMUENDUNG,48.92298,8.16898,Rhine,upstream,,,,,water_temperature,2023,21.462,8
DESM_BWU40,KARLSRUHE,FREIFLIESSENDE RHEINSTRECKE UNTERH STAUSTUFE IFFEZHEIM BIS OBERH LAUTERMUENDUNG,48.92298,8.16898,Rhine,upstream,,,,,water_temperature,2024,20.538,8
DESM_BWU41,MANNHEIM RHEIN,OBERER OBERRHEIN,49.48374,8.45493,Rhine,downstream,Philippsburg 1,partial,25.5,25-50,water_temperature,2020,21.067,9
DESM_BWU41,MANNHEIM RHEIN,OBERER OBERRHEIN,49.48374,8.45493,Rhine,downstream,Philippsburg 1,partial,25.5,25-50,water_temperature,2021,20.089,9
DESM_BWU41,MANNHEIM RHEIN,OBERER OBERRHEIN,49.48374,8.45493,Rhine,downstream,Philippsburg 1,partial,25.5,25-50,water_temperature,2022,22.933,9
DESM_BWU41,MANNHEIM RHEIN,OBERER OBERRHEIN,49.48374,8.45493,Rhine,downstream,Philippsburg 1,partial,25.5,25-50,water_temperature,2023,21.956,9
DESM_BWU41,MANNHEIM RHEIN,OBERER OBERRHEIN,49.48374,8.45493,Rhine,downstream,Philippsburg 1,partial,25.5,25-50,water_temperature,2024,21.188,8
DESM_BWU44,DEIZISAU,NECKAR AB FILS OBERH ENZ TBG 42,48.72105,9.37875,Neckar,upstream,,,,,water_temperature,2020,19.367,9
DESM_BWU44,DEIZISAU,NECKAR AB FILS OBERH ENZ TBG 42,48.72105,9.37875,Neckar,upstream,,,,,water_temperature,2021,18.686,7
DESM_BWU44,DEIZISAU,NECKAR AB FILS OBERH ENZ TBG 42,48.72105,9.37875,Neckar,upstream,,,,,water_temperature,2022,21.438,8
DESM_BWU44,DEIZISAU,NECKAR AB FILS OBERH ENZ TBG 42,48.72105,9.37875,Neckar,upstream,,,,,water_temperature,2023,21.5,8
DESM_BWU44,DEIZISAU,NECKAR AB FILS OBERH ENZ TBG 42,48.72105,9.37875,Neckar,upstream,,,,,water_temperature,2024,18.156,9
DESM_BWU45,POPPENWEILER,NECKAR AB FILS OBERH ENZ TBG 42,48.9127,9.24796,Neckar,upstream,,,,,water_temperature,2020,21.478,9
DESM_BWU45,POPPENWEILER,NECKAR AB FILS OBERH ENZ TBG 42,48.9127,9.24796,Neckar,upstream,,,,,water_temperature,2021,19.663,8
DESM_BWU45,POPPENWEILER,NECKAR AB FILS OBERH ENZ TBG 42,48.9127,9.24796,Neckar,upstream,,,,,water_temperature,2022,22.175,8
DESM_BWU45,POPPENWEILER,NECKAR AB FILS OBERH ENZ TBG 42,48.9127,9.24796,Neckar,upstream,,,,,water_temperature,2023,22.35,8
DESM_BWU45,POPPENWEILER,NECKAR AB FILS OBERH ENZ TBG 42,48.9127,9.24796,Neckar,upstream,,,,,water_temperature,2024,19.811,9
DESM_BWU46,BESIGHEIM,NECKAR AB FILS OBERH ENZ TBG 42,49.00232,9.1472,Neckar,upstream,,,,,water_temperature,2020,21.6,9
DESM_BWU46,BESIGHEIM,NECKAR AB FILS OBERH ENZ TBG 42,49.00232,9.1472,Neckar,upstream,,,,,water_temperature,2021,18.962,8
DESM_BWU46,BESIGHEIM,NECKAR AB FILS OBERH ENZ TBG 42,49.00232,9.1472,Neckar,upstream,,,,,water_temperature,2022,22.212,8
DESM_BWU46,BESIGHEIM,NECKAR AB FILS OBERH ENZ TBG 42,49.00232,9.1472,Neckar,upstream,,,,,water_temperature,2023,22.062,8
DESM_BWU46,BESIGHEIM,NECKAR AB FILS OBERH ENZ TBG 42,49.00232,9.1472,Neckar,upstream,,,,,water_temperature,2024,19.511,9
DESM_BWU47,KOCHENDORF,NECKAR AB ENZ OBERH KOCHER TBG 46,49.21649,9.2081,Neckar,downstream,Neckarwestheim 1,partial,11.4,10-25,water_temperature,2020,21.156,9
DESM_BWU47,KOCHENDORF,NECKAR AB ENZ OBERH KOCHER TBG 46,49.21649,9.2081,Neckar,downstream,Neckarwestheim 1,partial,11.4,10-25,water_temperature,2021,19.044,9
DESM_BWU47,KOCHENDORF,NECKAR AB ENZ OBERH KOCHER TBG 46,49.21649,9.2081,Neckar,downstream,Neckarwestheim 1,partial,11.4,10-25,water_temperature,2022,21.633,9
DESM_BWU47,KOCHENDORF,NECKAR AB ENZ OBERH KOCHER TBG 46,49.21649,9.2081,Neckar,downstream,Neckarwestheim 1,partial,11.4,10-25,water_temperature,2023,21.863,8
DESM_BWU47,KOCHENDORF,NECKAR AB ENZ OBERH KOCHER TBG 46,49.21649,9.2081,Neckar,downstream,Neckarwestheim 1,partial,11.4,10-25,water_temperature,2024,19.767,9
DESM_BWU48,MANNHEIM NECKAR,NECKAR BW AB KOCHER TBG 49,49.49429,8.46871,Neckar,downstream,Neckarwestheim 1,partial,71.7,>50,water_temperature,2020,21.311,9
DESM_BWU48,MANNHEIM NECKAR,NECKAR BW AB KOCHER TBG 49,49.49429,8.46871,Neckar,downstream,Neckarwestheim 1,partial,71.7,>50,water_temperature,2021,20.211,9
DESM_BWU48,MANNHEIM NECKAR,NECKAR BW AB KOCHER TBG 49,49.49429,8.46871,Neckar,downstream,Neckarwestheim 1,partial,71.7,>50,water_temperature,2022,21.811,9
DESM_BWU48,MANNHEIM NECKAR,NECKAR BW AB KOCHER TBG 49,49.49429,8.46871,Neckar,downstream,Neckarwestheim 1,partial,71.7,>50,water_temperature,2023,21.489,9
DESM_BWU48,MANNHEIM NECKAR,NECKAR BW AB KOCHER TBG 49,49.49429,8.46871,Neckar,downstream,Neckarwestheim 1,partial,71.7,>50,water_temperature,2024,20.9,8
DESM_DEBY_10988,HMS MOOSBURG,ISAR VON ANFANG MITTLEREISARKANAL BIS MOOSBURG,48.45798,11.9487,Isar,upstream,,,,,water_temperature,2020,16.2,4
DESM_DEBY_10988,HMS MOOSBURG,ISAR VON ANFANG MITTLEREISARKANAL BIS MOOSBURG,48.45798,11.9487,Isar,upstream,,,,,water_temperature,2021,17.35,4
DESM_DEBY_10988,HMS MOOSBURG,ISAR VON ANFANG MITTLEREISARKANAL BIS MOOSBURG,48.45798,11.9487,Isar,upstream,,,,,water_temperature,2022,17.775,4
DESM_DEBY_10988,HMS MOOSBURG,ISAR VON ANFANG MITTLEREISARKANAL BIS MOOSBURG,48.45798,11.9487,Isar,upstream,,,,,water_temperature,2023,19.7,4
DESM_DEBY_11446,PLATTLING BRUECKE B8,ISAR VON PLATTLING BIS MUENDUNG IN DIE DONAU,48.77153,12.88403,Isar,downstream,Isar 1,partial,47.0,25-50,water_temperature,2020,19.3,4
DESM_DEBY_11446,PLATTLING BRUECKE B8,ISAR VON PLATTLING BIS MUENDUNG IN DIE DONAU,48.77153,12.88403,Isar,downstream,Isar 1,partial,47.0,25-50,water_temperature,2021,21.0,4
DESM_DEBY_11446,PLATTLING BRUECKE B8,ISAR VON PLATTLING BIS MUENDUNG IN DIE DONAU,48.77153,12.88403,Isar,downstream,Isar 1,partial,47.0,25-50,water_temperature,2022,20.25,4
DESM_DEBY_11446,PLATTLING BRUECKE B8,ISAR VON PLATTLING BIS MUENDUNG IN DIE DONAU,48.77153,12.88403,Isar,downstream,Isar 1,partial,47.0,25-50,water_temperature,2023,21.525,4
DESM_DEBY_16122,HALLSTADT BRUECKE,MAIN VON KLOSTER BANZ BIS EINMUENDUNG DER REGNITZ,49.92454,10.86251,Main,upstream,,,,,water_temperature,2020,19.35,4
DESM_DEBY_16122,HALLSTADT BRUECKE,MAIN VON KLOSTER BANZ BIS EINMUENDUNG DER REGNITZ,49.92454,10.86251,Main,upstream,,,,,water_temperature,2021,19.475,4
DESM_DEBY_16122,HALLSTADT BRUECKE,MAIN VON KLOSTER BANZ BIS EINMUENDUNG DER REGNITZ,49.92454,10.86251,Main,upstream,,,,,water_temperature,2022,19.25,4
DESM_DEBY_16122,HALLSTADT BRUECKE,MAIN VON KLOSTER BANZ BIS EINMUENDUNG DER REGNITZ,49.92454,10.86251,Main,upstream,,,,,water_temperature,2023,20.725,4
DESM_DEBY_16122,HALLSTADT BRUECKE,MAIN VON KLOSTER BANZ BIS EINMUENDUNG DER REGNITZ,49.92454,10.86251,Main,upstream,,,,,water_temperature,2024,17.55,4
DESM_DEBY_19268,VIERETH KWOBERWASSER,MAIN VON EINMUENDUNG DER REGNITZ BIS REGIERUNGSBEZIRKSGRENZE OBERFRANKENUNTERFRANKEN,49.92421,10.78723,Main,upstream,,,,,water_temperature,2020,20.275,4
DESM_DEBY_19268,VIERETH KWOBERWASSER,MAIN VON EINMUENDUNG DER REGNITZ BIS REGIERUNGSBEZIRKSGRENZE OBERFRANKENUNTERFRANKEN,49.92421,10.78723,Main,upstream,,,,,water_temperature,2021,20.7,4
DESM_DEBY_19268,VIERETH KWOBERWASSER,MAIN VON EINMUENDUNG DER REGNITZ BIS REGIERUNGSBEZIRKSGRENZE OBERFRANKENUNTERFRANKEN,49.92421,10.78723,Main,upstream,,,,,water_temperature,2022,19.75,4
DESM_DEBY_19268,VIERETH KWOBERWASSER,MAIN VON EINMUENDUNG DER REGNITZ BIS REGIERUNGSBEZIRKSGRENZE OBERFRANKENUNTERFRANKEN,49.92421,10.78723,Main,upstream,,,,,water_temperature,2023,21.6,4
DESM_DEBY_20256,ERLABRUNN KWOW,MAIN VON EINMUENDUNG MAINKANAL BIS EINMUENDUNG FRAENKISCHE SAALE,49.85488,9.85468,Main,downstream,Grafenrheinfeld,staggered_treatment,20.5,10-25,water_temperature,2020,20.525,4
DESM_DEBY_20256,ERLABRUNN KWOW,MAIN VON EINMUENDUNG MAINKANAL BIS EINMUENDUNG FRAENKISCHE SAALE,49.85488,9.85468,Main,downstream,Grafenrheinfeld,staggered_treatment,20.5,10-25,water_temperature,2021,21.925,4
DESM_DEBY_20256,ERLABRUNN KWOW,MAIN VON EINMUENDUNG MAINKANAL BIS EINMUENDUNG FRAENKISCHE SAALE,49.85488,9.85468,Main,downstream,Grafenrheinfeld,staggered_treatment,20.5,10-25,water_temperature,2022,21.625,4
DESM_DEBY_20256,ERLABRUNN KWOW,MAIN VON EINMUENDUNG MAINKANAL BIS EINMUENDUNG FRAENKISCHE SAALE,49.85488,9.85468,Main,downstream,Grafenrheinfeld,staggered_treatment,20.5,10-25,water_temperature,2023,22.7,4
DESM_DEBY_20256,ERLABRUNN KWOW,MAIN VON EINMUENDUNG MAINKANAL BIS EINMUENDUNG FRAENKISCHE SAALE,49.85488,9.85468,Main,downstream,Grafenrheinfeld,staggered_treatment,20.5,10-25,water_temperature,2024,21.85,4
DESM_DEBY_2346,BOEFINGER HALDE KWUW,DONAU VON EINMUENDUNG ILLER BIS EINMUENDUNG LANDGRABEN BEI OFFINGEN,48.42405,10.02689,Danube,upstream,,,,,water_temperature,2020,17.34,5
DESM_DEBY_2346,BOEFINGER HALDE KWUW,DONAU VON EINMUENDUNG ILLER BIS EINMUENDUNG LANDGRABEN BEI OFFINGEN,48.42405,10.02689,Danube,upstream,,,,,water_temperature,2021,16.575,4
DESM_DEBY_2346,BOEFINGER HALDE KWUW,DONAU VON EINMUENDUNG ILLER BIS EINMUENDUNG LANDGRABEN BEI OFFINGEN,48.42405,10.02689,Danube,upstream,,,,,water_temperature,2022,17.55,4
DESM_DEBY_2346,BOEFINGER HALDE KWUW,DONAU VON EINMUENDUNG ILLER BIS EINMUENDUNG LANDGRABEN BEI OFFINGEN,48.42405,10.02689,Danube,upstream,,,,,water_temperature,2023,18.175,4
DESM_DEBY_2384,OFFINGEN  OH MUENDUNG,MINDEL VON EINMUENDUNG HUNGERBACH BIS MUENDUNG IN DIE DONAU UND WESTERNACH VON EINMUENDUNG AUERBACH BIS MUENDUNG IN DIE MINDEL,48.49779,10.38994,Danube,upstream,,,,,water_temperature,2020,16.7,4
DESM_DEBY_2384,OFFINGEN  OH MUENDUNG,MINDEL VON EINMUENDUNG HUNGERBACH BIS MUENDUNG IN DIE DONAU UND WESTERNACH VON EINMUENDUNG AUERBACH BIS MUENDUNG IN DIE MINDEL,48.49779,10.38994,Danube,upstream,,,,,water_temperature,2021,16.925,4
DESM_DEBY_2384,OFFINGEN  OH MUENDUNG,MINDEL VON EINMUENDUNG HUNGERBACH BIS MUENDUNG IN DIE DONAU UND WESTERNACH VON EINMUENDUNG AUERBACH BIS MUENDUNG IN DIE MINDEL,48.49779,10.38994,Danube,upstream,,,,,water_temperature,2022,18.1,4
DESM_DEBY_2384,OFFINGEN  OH MUENDUNG,MINDEL VON EINMUENDUNG HUNGERBACH BIS MUENDUNG IN DIE DONAU UND WESTERNACH VON EINMUENDUNG AUERBACH BIS MUENDUNG IN DIE MINDEL,48.49779,10.38994,Danube,upstream,,,,,water_temperature,2023,19.65,4
DESM_DEBY_3413,KELHEIM PEGEL,DONAU VON STAUBING BIS EINMUENDUNG MAINDONAUKANAL,48.91598,11.86676,Danube,downstream,Gundremmingen B,staggered_treatment,117.1,>50,water_temperature,2020,19.375,4
DESM_DEBY_3413,KELHEIM PEGEL,DONAU VON STAUBING BIS EINMUENDUNG MAINDONAUKANAL,48.91598,11.86676,Danube,downstream,Gundremmingen B,staggered_treatment,117.1,>50,water_temperature,2021,19.325,4
DESM_DEBY_3413,KELHEIM PEGEL,DONAU VON STAUBING BIS EINMUENDUNG MAINDONAUKANAL,48.91598,11.86676,Danube,downstream,Gundremmingen B,staggered_treatment,117.1,>50,water_temperature,2022,20.45,4
DESM_DEBY_3413,KELHEIM PEGEL,DONAU VON STAUBING BIS EINMUENDUNG MAINDONAUKANAL,48.91598,11.86676,Danube,downstream,Gundremmingen B,staggered_treatment,117.1,>50,water_temperature,2023,23.05,4
DESM_DEBY_3413,KELHEIM PEGEL,DONAU VON STAUBING BIS EINMUENDUNG MAINDONAUKANAL,48.91598,11.86676,Danube,downstream,Gundremmingen B,staggered_treatment,117.1,>50,water_temperature,2024,17.775,4
DESM_DEBY_4373,BAD ABBACH PEGEL,DONAU VON EINMUENDUNG MAINDONAUKANAL BIS EINMUENDUNG NAAB,48.94169,12.03365,Danube,downstream,Gundremmingen B,staggered_treatment,129.6,>50,water_temperature,2020,19.25,4
DESM_DEBY_4373,BAD ABBACH PEGEL,DONAU VON EINMUENDUNG MAINDONAUKANAL BIS EINMUENDUNG NAAB,48.94169,12.03365,Danube,downstream,Gundremmingen B,staggered_treatment,129.6,>50,water_temperature,2021,19.375,4
DESM_DEBY_4373,BAD ABBACH PEGEL,DONAU VON EINMUENDUNG MAINDONAUKANAL BIS EINMUENDUNG NAAB,48.94169,12.03365,Danube,downstream,Gundremmingen B,staggered_treatment,129.6,>50,water_temperature,2022,20.275,4
DESM_DEBY_4373,BAD ABBACH PEGEL,DONAU VON EINMUENDUNG MAINDONAUKANAL BIS EINMUENDUNG NAAB,48.94169,12.03365,Danube,downstream,Gundremmingen B,staggered_treatment,129.6,>50,water_temperature,2023,22.775,4
DESM_DEHH_91492,91492UESH,ELBEHAFEN,53.54029,9.87972,Elbe,upstream,,,,,water_temperature,2022,20.575,4
DESM_DEHH_91492,91492UESH,ELBEHAFEN,53.54029,9.87972,Elbe,upstream,,,,,water_temperature,2023,19.975,4
DESM_DEHH_91492,91492UESH,ELBEHAFEN,53.54029,9.87972,Elbe,upstream,,,,,water_temperature,2024,20.675,4
DESM_DENI_12046,WESER HEMELINGEN,MITTELWESER ZWISCHEN ALLER UND BREMEN,53.05279,8.87458,Weser,downstream,Grohnde,control,118.3,>50,water_temperature,2020,20.412,122
DESM_DENI_12046,WESER HEMELINGEN,MITTELWESER ZWISCHEN ALLER UND BREMEN,53.05279,8.87458,Weser,downstream,Grohnde,control,118.3,>50,water_temperature,2021,20.276,122
DESM_DENI_12046,WESER HEMELINGEN,MITTELWESER ZWISCHEN ALLER UND BREMEN,53.05279,8.87458,Weser,downstream,Grohnde,control,118.3,>50,water_temperature,2022,20.423,103
DESM_DENI_45752064,HESS OLDENDORFFUHLEN,WESER,52.15799,9.24872,Weser,downstream,Grohnde,control,16.6,10-25,water_temperature,2020,21.4,4
DESM_DENI_45752064,HESS OLDENDORFFUHLEN,WESER,52.15799,9.24872,Weser,downstream,Grohnde,control,16.6,10-25,water_temperature,2021,20.125,4
DESM_DENI_45752064,HESS OLDENDORFFUHLEN,WESER,52.15799,9.24872,Weser,downstream,Grohnde,control,16.6,10-25,water_temperature,2022,20.675,4
DESM_DENI_45752064,HESS OLDENDORFFUHLEN,WESER,52.15799,9.24872,Weser,downstream,Grohnde,control,16.6,10-25,water_temperature,2023,20.725,4
DESM_DENI_45752064,HESS OLDENDORFFUHLEN,WESER,52.15799,9.24872,Weser,downstream,Grohnde,control,16.6,10-25,water_temperature,2024,19.4,4
DESM_DENI_49572011,FARGE,WESER  TIDEBEREICH OBERH BRAKE,53.19737,8.51926,Weser,downstream,Grohnde,control,141.6,>50,water_temperature,2020,16.925,4
DESM_DENI_49572011,FARGE,WESER  TIDEBEREICH OBERH BRAKE,53.19737,8.51926,Weser,downstream,Grohnde,control,141.6,>50,water_temperature,2021,21.075,4
DESM_DENI_49572011,FARGE,WESER  TIDEBEREICH OBERH BRAKE,53.19737,8.51926,Weser,downstream,Grohnde,control,141.6,>50,water_temperature,2022,21.363,4
DESM_DENI_49572011,FARGE,WESER  TIDEBEREICH OBERH BRAKE,53.19737,8.51926,Weser,downstream,Grohnde,control,141.6,>50,water_temperature,2023,19.525,4
DESM_DENI_49572011,FARGE,WESER  TIDEBEREICH OBERH BRAKE,53.19737,8.51926,Weser,downstream,Grohnde,control,141.6,>50,water_temperature,2024,18.625,4
DESM_DENI_49752022,BRAKE,UEBERGANGSGEWAESSER DER WESER,53.31519,8.48608,Weser,downstream,Grohnde,control,154.6,>50,water_temperature,2020,20.25,4
DESM_DENI_49752022,BRAKE,UEBERGANGSGEWAESSER DER WESER,53.31519,8.48608,Weser,downstream,Grohnde,control,154.6,>50,water_temperature,2021,19.65,4
DESM_DENI_49752022,BRAKE,UEBERGANGSGEWAESSER DER WESER,53.31519,8.48608,Weser,downstream,Grohnde,control,154.6,>50,water_temperature,2022,20.15,4
DESM_DENI_49752022,BRAKE,UEBERGANGSGEWAESSER DER WESER,53.31519,8.48608,Weser,downstream,Grohnde,control,154.6,>50,water_temperature,2023,19.65,4
DESM_DENI_49752022,BRAKE,UEBERGANGSGEWAESSER DER WESER,53.31519,8.48608,Weser,downstream,Grohnde,control,154.6,>50,water_temperature,2024,19.075,4
DESM_HE_115,SCHWARZBACH TREBURASTHEIM MESSSTATION,SCHWARZBACHASTHEIM,49.9561,8.3573,Rhine,downstream,Biblis A,treatment,27.3,25-50,water_temperature,2020,20.843,122
DESM_HE_115,SCHWARZBACH TREBURASTHEIM MESSSTATION,SCHWARZBACHASTHEIM,49.9561,8.3573,Rhine,downstream,Biblis A,treatment,27.3,25-50,water_temperature,2021,20.474,122
DESM_HE_115,SCHWARZBACH TREBURASTHEIM MESSSTATION,SCHWARZBACHASTHEIM,49.9561,8.3573,Rhine,downstream,Biblis A,treatment,27.3,25-50,water_temperature,2022,21.617,122
DESM_HE_130,MAIN BISCHOFSHEIM MESSSTATION RECHTES UFER,MAIN  HESSEN,49.9994,8.3455,Main,downstream,Grafenrheinfeld,staggered_treatment,129.1,>50,water_temperature,2020,22.22,122
DESM_HE_130,MAIN BISCHOFSHEIM MESSSTATION RECHTES UFER,MAIN  HESSEN,49.9994,8.3455,Main,downstream,Grafenrheinfeld,staggered_treatment,129.1,>50,water_temperature,2021,21.534,115
DESM_HE_130,MAIN BISCHOFSHEIM MESSSTATION RECHTES UFER,MAIN  HESSEN,49.9994,8.3455,Main,downstream,Grafenrheinfeld,staggered_treatment,129.1,>50,water_temperature,2022,22.732,96
DESM_HE_378,DIEMEL BAD KARLSHAFENHELMARSHAUSEN,UNTERE DIEMEL,51.6314,9.4655,Weser,upstream,,,,,water_temperature,2020,17.0,10
DESM_HE_378,DIEMEL BAD KARLSHAFENHELMARSHAUSEN,UNTERE DIEMEL,51.6314,9.4655,Weser,upstream,,,,,water_temperature,2021,17.0,9
DESM_HE_378,DIEMEL BAD KARLSHAFENHELMARSHAUSEN,UNTERE DIEMEL,51.6314,9.4655,Weser,upstream,,,,,water_temperature,2022,17.4,10
DESM_HE_378,DIEMEL BAD KARLSHAFENHELMARSHAUSEN,UNTERE DIEMEL,51.6314,9.4655,Weser,upstream,,,,,water_temperature,2023,17.667,9
DESM_HE_380,NIDDA FRANKFURTNIED MESSSTATION,NIDDAFRANKFURT,50.1002,8.5606,Main,downstream,Grafenrheinfeld,staggered_treatment,115.9,>50,water_temperature,2020,20.077,122
DESM_HE_380,NIDDA FRANKFURTNIED MESSSTATION,NIDDAFRANKFURT,50.1002,8.5606,Main,downstream,Grafenrheinfeld,staggered_treatment,115.9,>50,water_temperature,2021,19.441,121
DESM_HE_380,NIDDA FRANKFURTNIED MESSSTATION,NIDDAFRANKFURT,50.1002,8.5606,Main,downstream,Grafenrheinfeld,staggered_treatment,115.9,>50,water_temperature,2022,20.847,118
DESM_NW731808,UH KA BAD OEYNHAUSEN,WERRE,52.21949,8.8254,Weser,downstream,Grohnde,control,32.8,25-50,water_temperature,2020,18.8,1
DESM_NW731808,UH KA BAD OEYNHAUSEN,WERRE,52.21949,8.8254,Weser,downstream,Grohnde,control,32.8,25-50,water_temperature,2021,19.6,1
DESM_NW731808,UH KA BAD OEYNHAUSEN,WERRE,52.21949,8.8254,Weser,downstream,Grohnde,control,32.8,25-50,water_temperature,2022,20.1,1
DESM_NW731808,UH KA BAD OEYNHAUSEN,WERRE,52.21949,8.8254,Weser,downstream,Grohnde,control,32.8,25-50,water_temperature,2023,20.05,2
DESM_NW731808,UH KA BAD OEYNHAUSEN,WERRE,52.21949,8.8254,Weser,downstream,Grohnde,control,32.8,25-50,water_temperature,2024,16.4,1
DESM_NW805180,E 1A  UH KA RHEINENORD  EU,EMS,52.30786,7.42164,Ems,upstream,,,,,water_temperature,2020,18.8,8
DESM_NW805180,E 1A  UH KA RHEINENORD  EU,EMS,52.30786,7.42164,Ems,upstream,,,,,water_temperature,2021,18.78,5
DESM_NW805180,E 1A  UH KA RHEINENORD  EU,EMS,52.30786,7.42164,Ems,upstream,,,,,water_temperature,2022,17.6,2
DESM_NW805180,E 1A  UH KA RHEINENORD  EU,EMS,52.30786,7.42164,Ems,upstream,,,,,water_temperature,2023,19.86,5
DESM_NW805180,E 1A  UH KA RHEINENORD  EU,EMS,52.30786,7.42164,Ems,upstream,,,,,water_temperature,2024,19.08,5
