reactor,river,station_type,station_id,station_name,n_obs,mean_temp,std_temp,year_range,slope_per_year,slope_se
Biblis A,Rhine,upstream,DEGM_DEBW_133-254-6,GWM FLACH KIRSCHGARTSHAUSEN KAELBERWEIDE MASANDHOFEN,14,11.946428571428571,0.4837610208302497,2009-2024,0.07400717971730296,0.018437401430096968
Biblis A,Rhine,upstream,DEGM_DERP_2375222100,1277 I LEIMERSHEIM,5,13.24,0.3714835124201345,2012-2022,-0.022699386503065862,0.05148137372117052
Biblis A,Rhine,upstream,DEGM_DERP_2391197000,1336 I FRANKENTHAL PFALZ PETERSAU,6,13.383333333333335,0.19407902170679514,2015-2022,0.04100000000001372,0.03150000000075634
Biblis A,Rhine,upstream,DEGM_HE_13496,13496NORDHEIM,6,13.166666666666664,0.8430104783848575,2012-2022,-0.010606060606048533,0.11589423553167497
Biblis A,Rhine,upstream,DESM_BWU40,KARLSRUHE,5,20.8268,1.0176250291733198,2020-2024,0.17489999999996647,0.3576004614173592
Biblis A,Rhine,upstream,DESM_BWU41,MANNHEIM RHEIN,5,21.4466,1.0633580300162315,2020-2024,0.21089999999997314,0.3686973962564413
Biblis A,Rhine,downstream,DEGM_DERP_2397188100,2135 DIENHEIM,4,11.95,0.5066228051190219,2008-2011,-0.1400000000000006,0.2592296279357828
Biblis A,Rhine,downstream,DEGM_HE_10379,TBR II OESTRICH HATTENHEIM,3,15.0,2.5119713374160932,2013-2024,-0.41216216216215995,0.025746701193686237
Biblis A,Rhine,downstream,DEGM_HE_10471,BIEBRICH,2,15.65,0.3535533905932738,2023-2024,,
Biblis A,Rhine,downstream,DESM_HE_115,SCHWARZBACH TREBURASTHEIM MESSSTATION,3,20.977999999999998,0.5833360952315573,2020-2022,0.38700000000001095,0.4364768037570534
Biblis B,Rhine,upstream,DEGM_DEBW_133-254-6,GWM FLACH KIRSCHGARTSHAUSEN KAELBERWEIDE MASANDHOFEN,14,11.946428571428571,0.4837610208302497,2009-2024,0.07400717971730296,0.018437401430096968
Biblis B,Rhine,upstream,DEGM_DERP_2375222100,1277 I LEIMERSHEIM,5,13.24,0.3714835124201345,2012-2022,-0.022699386503065862,0.05148137372117052
Biblis B,Rhine,upstream,DEGM_DERP_2391197000,1336 I FRANKENTHAL PFALZ PETERSAU,6,13.383333333333335,0.19407902170679514,2015-2022,0.04100000000001372,0.03150000000075634
Biblis B,Rhine,upstream,DEGM_HE_13496,13496NORDHEIM,6,13.166666666666664,0.8430104783848575,2012-2022,-0.010606060606048533,0.11589423553167497
Biblis B,Rhine,upstream,DESM_BWU40,KARLSRUHE,5,20.8268,1.0176250291733198,2020-2024,0.17489999999996647,0.3576004614173592
Biblis B,Rhine,upstream,DESM_BWU41,MANNHEIM RHEIN,5,21.4466,1.0633580300162315,2020-2024,0.21089999999997314,0.3686973962564413
Biblis B,Rhine,downstream,DEGM_DERP_2397188100,2135 DIENHEIM,4,11.95,0.5066228051190219,2008-2011,-0.1400000000000006,0.2592296279357828
Biblis B,Rhine,downstream,DEGM_HE_10379,TBR II OESTRICH HATTENHEIM,3,15.0,2.5119713374160932,2013-2024,-0.41216216216215995,0.025746701193686237
Biblis B,Rhine,downstream,DEGM_HE_10471,BIEBRICH,2,15.65,0.3535533905932738,2023-2024,,
Biblis B,Rhine,downstream,DESM_HE_115,SCHWARZBACH TREBURASTHEIM MESSSTATION,3,20.977999999999998,0.5833360952315573,2020-2022,0.38700000000001095,0.4364768037570534
Unterweser,Weser,upstream,DEGM_DEHB_15_26,FLB123,9,11.533333333333335,0.29154759474226527,2008-2019,0.06437371663244197,0.017482203863403812
Unterweser,Weser,upstream,DEGM_DEHB_15_72,FLB433D,7,12.142857142857142,0.26367367999823094,2008-2017,0.03766519823788665,0.031664020285566336
Unterweser,Weser,upstream,DEGM_DENI_40000953,AHER KAEMPE,6,11.383333333333335,0.44007575105505015,2015-2024,0.023749999999997464,0.06631777193919644
Unterweser,Weser,upstream,DEGM_DENW_100135602,PH 34N   JOESSEN,7,12.24757142857143,0.6677384361017557,2012-2022,-0.008760869565213016,0.0901482539720318
Unterweser,Weser,upstream,DESM_DENI_12046,WESER HEMELINGEN,3,20.370333333333335,0.08187999348640192,2020-2022,0.005500000000002148,0.08169506313706582
Unterweser,Weser,upstream,DESM_DENI_45752064,HESS OLDENDORFFUHLEN,5,20.465000000000003,0.7476212276280016,2020-2024,-0.3399999999999727,0.18971469808196956
Unterweser,Weser,upstream,DESM_DENI_49572011,FARGE,5,19.5026,1.8267618345038847,2020-2024,0.18500000000011213,0.6584321073732887
Unterweser,Weser,upstream,DESM_DENI_49752022,BRAKE,5,19.755,0.4705050477943888,2020-2024,-0.23499999999997132,0.10539607836084915
Unterweser,Weser,upstream,DESM_HE_378,DIEMEL BAD KARLSHAFENHELMARSHAUSEN,4,17.266750000000002,0.32673472930396247,2020-2023,0.24010000000000103,0.05659213726038084
Unterweser,Weser,upstream,DESM_NW731808,UH KA BAD OEYNHAUSEN,5,18.990000000000002,1.5388307249337088,2020-2024,-0.4349999999998829,0.502651303932471
Isar 1,Isar,upstream,DEGM_DEBY_4110763600001,KEIN NAME,10,11.956700000000001,0.7019765823887731,2013-2024,-0.046129629629635335,0.06333667390581244
Isar 1,Isar,upstream,DESM_DEBY_10988,HMS MOOSBURG,4,17.756249999999998,1.456647835499942,2020-2023,1.0924999999999991,0.19942103699517946
Isar 1,Isar,downstream,DEGM_BY_1131734000021,KEIN NAME,6,12.75,0.8642916174532763,2013-2022,0.18778054862843857,0.07180486115093056
Isar 1,Isar,downstream,DESM_DEBY_11446,PLATTLING BRUECKE B8,4,20.518749999999997,0.9663882501355232,2020-2023,0.5924999999999989,0.32348686216002653
Neckarwestheim 1,Neckar,upstream,DEGM_DEBW_31-510-1,TB I HOHES GESTAD BEIHINGEN,12,12.433333333333332,0.22696949467968455,2012-2024,0.02089985486212244,0.016890790495756466
Neckarwestheim 1,Neckar,upstream,DESM_BWU44,DEIZISAU,5,19.8294,1.5572365908878458,2020-2024,0.03920000000001905,0.5681718284828821
Neckarwestheim 1,Neckar,upstream,DESM_BWU45,POPPENWEILER,5,21.0954,1.2832958739121705,2020-2024,-0.06470000000000628,0.46710214087508045
Neckarwestheim 1,Neckar,upstream,DESM_BWU46,BESIGHEIM,5,20.8694,1.520038749506078,2020-2024,-0.10780000000001745,0.5515391433803417
Neckarwestheim 1,Neckar,downstream,DEGM_DEBW_1251-305-8,BR NORD BEREGNUNGSVERBAND DOSSENHEIM,12,13.699999999999998,0.7096734204099542,2012-2024,0.051669085631348595,0.05430732917114963
Neckarwestheim 1,Neckar,downstream,DESM_BWU27,KOCHENDORF,5,19.3222,0.8551919082872568,2020-2024,0.15439999999996015,0.29927797558591956
Neckarwestheim 1,Neckar,downstream,DESM_BWU29,JAGSTFELD,5,17.961599999999997,0.41142958085193526,2020-2024,0.027199999999988185,0.149409816726896
Neckarwestheim 1,Neckar,downstream,DESM_BWU47,KOCHENDORF,5,20.6926,1.2291811501971541,2020-2024,0.004099999999973805,0.4488272533421298
Neckarwestheim 1,Neckar,downstream,DESM_BWU48,MANNHEIM NECKAR,5,21.1444,0.6168118027405126,2020-2024,0.04559999999998043,0.2236838244836794
Philippsburg 1,Rhine,upstream,DEGM_DERP_2375222100,1277 I LEIMERSHEIM,5,13.24,0.3714835124201345,2012-2022,-0.022699386503065862,0.05148137372117052
Philippsburg 1,Rhine,upstream,DESM_BWU40,KARLSRUHE,5,20.8268,1.0176250291733198,2020-2024,0.17489999999996647,0.3576004614173592
Philippsburg 1,Rhine,downstream,DEGM_DEBW_133-254-6,GWM FLACH KIRSCHGARTSHAUSEN KAELBERWEIDE MASANDHOFEN,14,11.946428571428571,0.4837610208302497,2009-2024,0.07400717971730296,0.018437401430096968
Philippsburg 1,Rhine,downstream,DEGM_DERP_2391197000,1336 I FRANKENTHAL PFALZ PETERSAU,6,13.383333333333335,0.19407902170679514,2015-2022,0.04100000000001372,0.03150000000075634
Philippsburg 1,Rhine,downstream,DEGM_DERP_2397188100,2135 DIENHEIM,4,11.95,0.5066228051190219,2008-2011,-0.1400000000000006,0.2592296279357828
Philippsburg 1,Rhine,downstream,DEGM_HE_10379,TBR II OESTRICH HATTENHEIM,3,15.0,2.5119713374160932,2013-2024,-0.41216216216215995,0.025746701193686237
Philippsburg 1,Rhine,downstream,DEGM_HE_10471,BIEBRICH,2,15.65,0.3535533905932738,2023-2024,,
Philippsburg 1,Rhine,downstream,DEGM_HE_13496,13496NORDHEIM,6,13.166666666666664,0.8430104783848575,2012-2022,-0.010606060606048533,0.11589423553167497
Philippsburg 1,Rhine,downstream,DESM_BWU41,MANNHEIM RHEIN,5,21.4466,1.0633580300162315,2020-2024,0.21089999999997314,0.3686973962564413
Philippsburg 1,Rhine,downstream,DESM_HE_115,SCHWARZBACH TREBURASTHEIM MESSSTATION,3,20.977999999999998,0.5833360952315573,2020-2022,0.38700000000001095,0.4364768037570534
