outcome,site,river,event_year,spec,sample,unit,upstream_station,upstream_km,downstream_station,downstream_km,up_pre,up_post,down_pre,down_post,gap_pre,gap_post,did,std_error,min_detectable_effect,ci_low,ci_high,p_value,pooled_did,pooled_p_value,n_pre,n_post
water_temperature,Grafenrheinfeld,Main,2015,nearest_downstream,all_year,°C,Schweinfurt,6.1,Astheim,18.6,12.1032,12.4646,12.1965,12.9669,0.0932,0.5022,0.414,0.0946,0.2649,0.2287,0.5994,0.0,0.409,0.0,1050,1072
water_temperature,Grafenrheinfeld,Main,2015,donut,donut_drop_1y_each_side,°C,Schweinfurt,6.1,Astheim,18.6,11.8019,12.5198,11.9337,13.2003,0.1318,0.6805,0.5497,0.0814,0.2282,0.3901,0.7093,0.0,0.5486,0.0,1062,1091
water_temperature,Grafenrheinfeld,Main,2015,season_split,summer_jun_sep,°C,Schweinfurt,6.1,Astheim,18.6,19.4284,20.3847,19.4645,20.9352,0.0361,0.5505,0.5241,0.1509,0.4228,0.2283,0.8198,0.0005,0.5145,0.0,352,366
water_temperature,Grafenrheinfeld,Main,2015,season_split,winter_oct_may,°C,Schweinfurt,6.1,Astheim,18.6,8.4092,8.3588,8.5312,8.836,0.1221,0.4772,0.3577,0.1133,0.3176,0.1355,0.5798,0.0016,0.3551,0.0,698,706
water_temperature,Grafenrheinfeld,Main,2015,placebo,placebo_2012,°C,Schweinfurt,6.1,Astheim,18.6,11.3772,12.037,11.4987,12.1057,0.1215,0.0687,-0.0497,0.0878,0.2461,-0.2219,0.1224,0.5711,-0.0528,0.0,1044,686
water_temperature,Grafenrheinfeld,Main,2015,distance_sensitivity,all_year,°C,Schweinfurt,6.1,Würzburg,77.5,12.1425,12.3325,12.4148,12.9168,0.2723,0.5843,0.3154,0.0482,0.1352,0.2208,0.4099,0.0,0.312,0.0,1056,1089
water_temperature,Grafenrheinfeld,Main,2015,distance_sensitivity,all_year,°C,Schweinfurt,6.1,Erlabrunn Messstation,88.1,12.4078,12.2876,13.0966,13.2032,0.6887,0.9157,0.2449,0.0503,0.1411,0.1462,0.3436,0.0,0.227,0.0,1047,1077
water_temperature,Grafenrheinfeld,Main,2015,best_coverage,all_year,°C,Schweinfurt,6.1,Würzburg,77.5,12.1425,12.3325,12.4148,12.9168,0.2723,0.5843,0.3154,0.0482,0.1352,0.2208,0.4099,0.0,0.312,0.0,1056,1089
water_temperature,Grafenrheinfeld,Main,2015,best_coverage_donut,donut_drop_1y_each_side,°C,Schweinfurt,6.1,Würzburg,77.5,11.8508,12.5441,12.1516,13.1829,0.3008,0.6388,0.3399,0.0332,0.0929,0.2749,0.4049,0.0,0.3381,0.0,1060,1089
water_temperature,Grafenrheinfeld,Main,2015,best_coverage_season_split,summer_jun_sep,°C,Schweinfurt,6.1,Würzburg,77.5,19.428,20.3847,19.8787,21.2872,0.4507,0.9025,0.4524,0.0531,0.1488,0.3483,0.5565,0.0,0.4518,0.0,357,366
water_temperature,Grafenrheinfeld,Main,2015,best_coverage_season_split,winter_oct_may,°C,Schweinfurt,6.1,Würzburg,77.5,8.4216,8.2563,8.6027,8.6795,0.1811,0.4232,0.2456,0.0655,0.1835,0.1173,0.374,0.0002,0.2421,0.0,699,723
water_temperature,Grafenrheinfeld,Main,2015,best_coverage_placebo,placebo_2012,°C,Schweinfurt,6.1,Würzburg,77.5,11.2952,12.0385,11.7349,12.2825,0.4398,0.2441,-0.2001,0.0969,0.2714,-0.3899,-0.0102,0.0389,-0.1957,0.0,1033,699
water_temperature,Gundremmingen,Danube,2017,nearest_downstream,all_year,°C,Neu-Ulm,39.0,Donauwörth,46.1,10.8711,11.1614,11.5195,12.0254,0.6484,0.8639,0.2058,0.0656,0.1838,0.0773,0.3344,0.0017,0.2155,0.0,1087,1092
water_temperature,Gundremmingen,Danube,2017,donut,donut_drop_1y_each_side,°C,Neu-Ulm,39.0,Donauwörth,46.1,10.6125,10.6152,11.4082,11.535,0.7957,0.9198,0.1164,0.0611,0.1712,-0.0034,0.2361,0.0568,0.1241,0.0,1086,1096
water_temperature,Gundremmingen,Danube,2017,season_split,summer_jun_sep,°C,Neu-Ulm,39.0,Donauwörth,46.1,16.5314,17.3694,17.9022,19.138,1.3709,1.7686,0.3945,0.1099,0.308,0.1791,0.6099,0.0003,0.3977,0.0,357,366
water_temperature,Gundremmingen,Danube,2017,season_split,winter_oct_may,°C,Neu-Ulm,39.0,Donauwörth,46.1,8.103,8.0318,8.3981,8.4397,0.2951,0.4079,0.1122,0.0742,0.2079,-0.0332,0.2576,0.1304,0.1128,0.0,730,726
water_temperature,Gundremmingen,Danube,2017,placebo,placebo_2014,°C,Neu-Ulm,39.0,Donauwörth,46.1,10.2579,10.7932,11.3523,11.3622,1.0944,0.5691,-0.5217,0.0603,0.1689,-0.6398,-0.4035,0.0,-0.5253,0.0,1082,731
water_temperature,Gundremmingen,Danube,2017,distance_sensitivity,all_year,°C,Neu-Ulm,39.0,Ingolstadt Luitpoldstr.,100.2,10.9307,11.1614,11.8282,12.2615,0.8974,1.1001,0.1999,0.0555,0.1554,0.0911,0.3086,0.0003,0.2026,0.0,1096,1092
water_temperature,Gundremmingen,Danube,2017,best_coverage,all_year,°C,Neu-Ulm,39.0,Ingolstadt Luitpoldstr.,100.2,10.9307,11.1614,11.8282,12.2615,0.8974,1.1001,0.1999,0.0555,0.1554,0.0911,0.3086,0.0003,0.2026,0.0,1096,1092
water_temperature,Gundremmingen,Danube,2017,best_coverage_donut,donut_drop_1y_each_side,°C,Neu-Ulm,39.0,Ingolstadt Luitpoldstr.,100.2,10.6743,10.6152,11.6338,11.6957,0.9595,1.0805,0.122,0.0569,0.1596,0.0104,0.2336,0.0322,0.121,0.0,1095,1096
water_temperature,Gundremmingen,Danube,2017,best_coverage_season_split,summer_jun_sep,°C,Neu-Ulm,39.0,Ingolstadt Luitpoldstr.,100.2,16.5708,17.3694,18.3623,19.4363,1.7915,2.0669,0.2754,0.1077,0.3018,0.0643,0.4865,0.0105,0.2754,0.0,366,366
water_temperature,Gundremmingen,Danube,2017,best_coverage_season_split,winter_oct_may,°C,Neu-Ulm,39.0,Ingolstadt Luitpoldstr.,100.2,8.103,8.0318,8.5522,8.6445,0.4492,0.6127,0.1619,0.0616,0.1727,0.0411,0.2826,0.0086,0.1635,0.0,730,726
water_temperature,Gundremmingen,Danube,2017,best_coverage_placebo,placebo_2014,°C,Neu-Ulm,39.0,Ingolstadt Luitpoldstr.,100.2,10.2907,10.7932,11.4863,11.6721,1.1957,0.8789,-0.3092,0.0658,0.1844,-0.4382,-0.1803,0.0,-0.3167,0.0,1082,731
water_temperature,Gundremmingen,Danube,2021,nearest_downstream,all_year,°C,Neu-Ulm,39.0,Donauwörth,46.1,11.1614,11.3984,12.0254,12.4773,0.8639,1.0789,0.2186,0.0601,0.1685,0.1008,0.3365,0.0003,0.215,0.0,1092,1094
water_temperature,Gundremmingen,Danube,2021,donut,donut_drop_1y_each_side,°C,Neu-Ulm,39.0,Donauwörth,46.1,11.0403,11.3134,11.8001,12.381,0.7598,1.0676,0.3127,0.0673,0.1886,0.1808,0.4446,0.0,0.3078,0.0,1089,731
water_temperature,Gundremmingen,Danube,2021,season_split,summer_jun_sep,°C,Neu-Ulm,39.0,Donauwörth,46.1,17.3694,17.6291,19.138,19.4258,1.7686,1.7967,0.0284,0.0884,0.2477,-0.1449,0.2016,0.7482,0.0281,0.0,366,364
water_temperature,Gundremmingen,Danube,2021,season_split,winter_oct_may,°C,Neu-Ulm,39.0,Donauwörth,46.1,8.0318,8.2916,8.4397,9.0126,0.4079,0.721,0.3141,0.0714,0.2001,0.1741,0.454,0.0,0.3131,0.0,726,730
water_temperature,Gundremmingen,Danube,2021,placebo,placebo_2018,°C,Neu-Ulm,39.0,Donauwörth,46.1,10.7777,10.883,11.3618,11.7855,0.5841,0.9025,0.3209,0.0635,0.1779,0.1964,0.4453,0.0,0.3184,0.0,1094,731
water_temperature,Gundremmingen,Danube,2021,distance_sensitivity,all_year,°C,Neu-Ulm,39.0,Ingolstadt Luitpoldstr.,100.2,11.1614,11.4138,12.2615,12.5204,1.1001,1.1067,0.0094,0.0534,0.1497,-0.0953,0.1141,0.86,0.0066,0.0,1092,1096
water_temperature,Gundremmingen,Danube,2021,best_coverage,all_year,°C,Neu-Ulm,39.0,Donauwörth,46.1,11.1614,11.3984,12.0254,12.4773,0.8639,1.0789,0.2186,0.0601,0.1685,0.1008,0.3365,0.0003,0.215,0.0,1092,1094
water_temperature,Isar,Isar,2011,nearest_downstream,all_year,°C,Landshut-Birket,16.4,Landau,33.8,11.5175,11.9995,13.4143,11.9652,1.8968,-0.0342,-1.931,0.1447,0.4054,-2.2146,-1.6474,0.0,-1.931,0.0,1096,1096
water_temperature,Isar,Isar,2011,donut,donut_drop_1y_each_side,°C,Landshut-Birket,16.4,Landau,33.8,12.1048,12.206,14.1486,12.1496,2.0437,-0.0564,-2.0787,0.136,0.3811,-2.3452,-1.8121,0.0,-2.1001,0.0,935,1087
water_temperature,Isar,Isar,2011,season_split,summer_jun_sep,°C,Landshut-Birket,16.4,Landau,33.8,17.6809,17.8866,19.4669,18.3634,1.7861,0.4768,-1.3093,0.205,0.5743,-1.711,-0.9076,0.0,-1.3093,0.0,366,366
water_temperature,Isar,Isar,2011,season_split,winter_oct_may,°C,Landshut-Birket,16.4,Landau,33.8,8.4274,9.0478,10.3797,8.7574,1.9523,-0.2904,-2.2427,0.1569,0.4395,-2.5502,-1.9353,0.0,-2.2427,0.0,730,730
water_temperature,Isar,Isar,2011,placebo,placebo_2008,°C,Landshut-Birket,16.4,Landau,33.8,13.5775,11.3499,15.423,13.0955,1.8456,1.7456,-0.2036,0.265,0.7426,-0.7231,0.3158,0.4423,-0.1,0.0,204,730
water_temperature,Isar,Isar,2011,best_coverage,all_year,°C,Landshut-Birket,16.4,Landau,33.8,11.5175,11.9995,13.4143,11.9652,1.8968,-0.0342,-1.931,0.1447,0.4054,-2.2146,-1.6474,0.0,-1.931,0.0,1096,1096
water_temperature,Isar,Isar,2023,nearest_downstream,all_year,°C,Landshut-Birket,16.4,Landau,33.8,12.3513,12.824,12.5432,12.876,0.1918,0.0519,-0.1434,0.0999,0.28,-0.3392,0.0525,0.1513,-0.1399,0.0,1089,366
water_temperature,Isar,Isar,2023,season_split,summer_jun_sep,°C,Landshut-Birket,16.4,Landau,33.8,18.7178,18.8475,19.5227,19.2713,0.8049,0.4238,-0.3811,0.1849,0.518,-0.7435,-0.0188,0.0392,-0.3811,0.0,366,122
water_temperature,Isar,Isar,2023,season_split,winter_oct_may,°C,Landshut-Birket,16.4,Landau,33.8,9.1285,9.8123,9.01,9.6783,-0.1185,-0.134,-0.0241,0.104,0.2914,-0.2279,0.1797,0.8168,-0.0155,0.0,723,244
water_temperature,Isar,Isar,2023,placebo,placebo_2020,°C,Landshut-Birket,16.4,Landau,33.8,12.5397,12.3992,12.4885,12.5382,-0.0512,0.139,0.1903,0.0885,0.2481,0.0167,0.3638,0.0316,0.1903,0.0,1095,730
water_temperature,Isar,Isar,2023,best_coverage,all_year,°C,Landshut-Birket,16.4,Landau,33.8,12.3513,12.824,12.5432,12.876,0.1918,0.0519,-0.1434,0.0999,0.28,-0.3392,0.0525,0.1513,-0.1399,0.0,1089,366
dissolved_oxygen,Grafenrheinfeld,Main,2015,nearest_downstream,all_year,mg/l,"SH Schweinfurt, km 332,0, OW",7.3,Erlabrunn KW-OW,88.0,10.0301,9.7375,10.1718,10.1,0.1417,0.3625,0.2208,0.2346,0.6574,-0.239,0.6807,0.3466,0.2208,0.0,36,36
dissolved_oxygen,Grafenrheinfeld,Main,2015,donut,donut_drop_1y_each_side,mg/l,"SH Schweinfurt, km 332,0, OW",7.3,Erlabrunn KW-OW,88.0,10.0981,9.7528,10.2074,10.1542,0.1093,0.4014,0.2921,0.2343,0.6565,-0.1671,0.7513,0.2124,0.2921,0.0,36,36
dissolved_oxygen,Grafenrheinfeld,Main,2015,season_split,summer_jun_sep,mg/l,"SH Schweinfurt, km 332,0, OW",7.3,Erlabrunn KW-OW,88.0,8.0431,7.2042,8.2444,8.05,0.2014,0.8458,0.6444,0.3009,0.8431,0.0547,1.2342,0.0322,0.6444,0.0,12,12
dissolved_oxygen,Grafenrheinfeld,Main,2015,season_split,winter_oct_may,mg/l,"SH Schweinfurt, km 332,0, OW",7.3,Erlabrunn KW-OW,88.0,11.0236,11.0042,11.1354,11.125,0.1118,0.1208,0.009,0.2848,0.798,-0.5491,0.5672,0.9747,0.009,0.0,24,24
dissolved_oxygen,Grafenrheinfeld,Main,2015,placebo,placebo_2012,mg/l,"SH Schweinfurt, km 332,0, OW",7.3,Erlabrunn KW-OW,88.0,9.9468,9.9014,10.0889,10.0812,0.1421,0.1799,0.0377,0.2453,0.6873,-0.443,0.5185,0.8777,0.0377,0.0,36,24
dissolved_oxygen,Grafenrheinfeld,Main,2015,distance_sensitivity,all_year,mg/l,"SH Schweinfurt, km 332,0, OW",7.3,Messstation Erlabrunn,88.1,10.0301,9.7375,10.1067,9.8729,0.0767,0.1354,0.0588,0.2569,0.7198,-0.4447,0.5623,0.819,0.0588,0.0,36,36
dissolved_oxygen,Grafenrheinfeld,Main,2015,best_coverage,all_year,mg/l,"SH Schweinfurt, km 332,0, OW",7.3,Erlabrunn KW-OW,88.0,10.0301,9.7375,10.1718,10.1,0.1417,0.3625,0.2208,0.2346,0.6574,-0.239,0.6807,0.3466,0.2208,0.0,36,36
dissolved_oxygen,Gundremmingen,Danube,2017,nearest_downstream,all_year,mg/l,"Böfinger Halde, KW-UW",33.5,Dillingen Meßstation,13.7,10.2042,10.2278,11.0271,11.0847,0.8229,0.8569,0.034,0.2368,0.6635,-0.4301,0.4981,0.8857,0.034,0.0,24,36
dissolved_oxygen,Gundremmingen,Danube,2017,donut,donut_drop_1y_each_side,mg/l,"Böfinger Halde, KW-UW",33.5,Dillingen Meßstation,13.7,10.2903,10.1871,10.9792,10.7943,0.6889,0.6071,-0.0873,0.1752,0.491,-0.4308,0.2562,0.6183,-0.0817,0.0,24,35
dissolved_oxygen,Gundremmingen,Danube,2017,season_split,winter_oct_may,mg/l,"Böfinger Halde, KW-UW",33.5,Dillingen Meßstation,13.7,10.9438,11.0,11.5125,11.5708,0.5688,0.5708,0.0021,0.2662,0.7459,-0.5196,0.5238,0.9938,0.0021,0.0,16,24
dissolved_oxygen,Gundremmingen,Danube,2017,placebo,placebo_2014,mg/l,"Böfinger Halde, KW-UW",33.5,Dillingen Meßstation,13.7,10.5963,10.2042,11.0764,11.0271,0.4801,0.8229,0.3428,0.1641,0.4599,0.0211,0.6645,0.0367,0.3428,0.0,36,24
dissolved_oxygen,Gundremmingen,Danube,2017,distance_sensitivity,all_year,mg/l,"Böfinger Halde, KW-UW",33.5,Schäfstall Pegel,50.3,10.2042,10.2278,10.9479,10.3833,0.7437,0.1556,-0.5882,0.1973,0.5527,-0.9748,-0.2016,0.0029,-0.5882,0.0,24,36
dissolved_oxygen,Gundremmingen,Danube,2017,distance_sensitivity,all_year,mg/l,"Böfinger Halde, KW-UW",33.5,BITTENBRUNN KW-OW,76.2,10.2042,10.2278,10.6604,10.3903,0.4562,0.1625,-0.2937,0.2001,0.5608,-0.686,0.0985,0.1422,-0.2937,0.0,24,36
dissolved_oxygen,Gundremmingen,Danube,2017,distance_sensitivity,all_year,mg/l,"Böfinger Halde, KW-UW",33.5,Messstation Ingolstadt Luitpoldstraße,100.2,10.2042,10.2278,10.8977,10.503,0.6935,0.2753,-0.4182,0.1419,0.3976,-0.6964,-0.1401,0.0032,-0.4182,0.0,24,36
dissolved_oxygen,Gundremmingen,Danube,2017,best_coverage,all_year,mg/l,"Böfinger Halde, KW-UW",33.5,Dillingen Meßstation,13.7,10.2042,10.2278,11.0271,11.0847,0.8229,0.8569,0.034,0.2368,0.6635,-0.4301,0.4981,0.8857,0.034,0.0,24,36
dissolved_oxygen,Gundremmingen,Danube,2021,nearest_downstream,all_year,mg/l,"Böfinger Halde, KW-UW",33.5,Dillingen Meßstation,13.7,10.2278,10.0441,11.0847,10.5324,0.8569,0.4882,-0.3756,0.2867,0.8034,-0.9375,0.1864,0.1902,-0.3687,0.0,36,34
dissolved_oxygen,Gundremmingen,Danube,2021,donut,donut_drop_1y_each_side,mg/l,"Böfinger Halde, KW-UW",33.5,Dillingen Meßstation,13.7,10.3191,10.0955,11.3706,10.3455,1.0515,0.25,-0.7891,0.2722,0.7627,-1.3226,-0.2556,0.0037,-0.8015,0.0,34,22
dissolved_oxygen,Gundremmingen,Danube,2021,season_split,summer_jun_sep,mg/l,"Böfinger Halde, KW-UW",33.5,Dillingen Meßstation,13.7,8.6833,8.7583,10.1125,9.4,1.4292,0.6417,-0.7875,0.4402,1.2335,-1.6503,0.0753,0.0736,-0.7875,0.0,12,12
dissolved_oxygen,Gundremmingen,Danube,2021,season_split,winter_oct_may,mg/l,"Böfinger Halde, KW-UW",33.5,Dillingen Meßstation,13.7,11.0,10.7455,11.5708,11.15,0.5708,0.4045,-0.1588,0.3397,0.9519,-0.8246,0.5071,0.6403,-0.1663,0.0,24,22
dissolved_oxygen,Gundremmingen,Danube,2021,placebo,placebo_2018,mg/l,"Böfinger Halde, KW-UW",33.5,Dillingen Meßstation,13.7,10.2426,10.2229,11.1,10.7396,0.8574,0.5167,-0.3121,0.1371,0.3842,-0.5809,-0.0434,0.0228,-0.3407,0.0,34,24
dissolved_oxygen,Gundremmingen,Danube,2021,distance_sensitivity,all_year,mg/l,"Böfinger Halde, KW-UW",33.5,Schäfstall Pegel,50.3,10.2278,10.0353,10.3833,10.0647,0.1556,0.0294,-0.1267,0.1367,0.383,-0.3946,0.1411,0.3538,-0.1261,0.0,36,34
dissolved_oxygen,Gundremmingen,Danube,2021,distance_sensitivity,all_year,mg/l,"Böfinger Halde, KW-UW",33.5,BITTENBRUNN KW-OW,76.2,10.2278,10.0943,10.3903,10.18,0.1625,0.0857,-0.0715,0.1437,0.4028,-0.3532,0.2103,0.6191,-0.0768,0.0,36,35
dissolved_oxygen,Gundremmingen,Danube,2021,distance_sensitivity,all_year,mg/l,"Böfinger Halde, KW-UW",33.5,Messstation Ingolstadt Luitpoldstraße,100.2,10.2278,10.0943,10.503,10.3175,0.2753,0.2232,-0.0387,0.1499,0.42,-0.3325,0.2551,0.7963,-0.052,0.0,36,35
dissolved_oxygen,Gundremmingen,Danube,2021,best_coverage,all_year,mg/l,"Böfinger Halde, KW-UW",33.5,BITTENBRUNN KW-OW,76.2,10.2278,10.0943,10.3903,10.18,0.1625,0.0857,-0.0715,0.1437,0.4028,-0.3532,0.2103,0.6191,-0.0768,0.0,36,35
dissolved_oxygen,Gundremmingen,Danube,2021,best_coverage_donut,donut_drop_1y_each_side,mg/l,"Böfinger Halde, KW-UW",33.5,BITTENBRUNN KW-OW,76.2,10.2643,10.1696,10.5171,10.1826,0.2529,0.013,-0.2431,0.157,0.44,-0.5508,0.0646,0.1216,-0.2398,0.0,35,23
dissolved_oxygen,Gundremmingen,Danube,2021,best_coverage_season_split,summer_jun_sep,mg/l,"Böfinger Halde, KW-UW",33.5,BITTENBRUNN KW-OW,76.2,8.6833,8.7583,8.7375,8.9333,0.0542,0.175,0.1208,0.2004,0.5615,-0.272,0.5136,0.5466,0.1208,0.0,12,12
dissolved_oxygen,Gundremmingen,Danube,2021,best_coverage_season_split,winter_oct_may,mg/l,"Böfinger Halde, KW-UW",33.5,BITTENBRUNN KW-OW,76.2,11.0,10.7913,11.2167,10.8304,0.2167,0.0391,-0.1701,0.1727,0.4839,-0.5086,0.1684,0.3247,-0.1775,0.0,24,23
dissolved_oxygen,Gundremmingen,Danube,2021,best_coverage_placebo,placebo_2018,mg/l,"Böfinger Halde, KW-UW",33.5,BITTENBRUNN KW-OW,76.2,10.19,10.2229,10.68,10.3937,0.49,0.1708,-0.3,0.1639,0.4591,-0.6212,0.0212,0.0671,-0.3192,0.0,35,24
dissolved_oxygen,Isar,Isar,2011,nearest_downstream,all_year,mg/l,HOFHAM,21.5,GOTTFRIEDING BRUECKE,20.3,10.3983,10.8227,9.7475,10.026,-0.6508,-0.7967,0.0073,0.4183,1.172,-0.8125,0.8271,0.9861,-0.1458,0.0,20,25
dissolved_oxygen,Isar,Isar,2011,donut,donut_drop_1y_each_side,mg/l,HOFHAM,21.5,GOTTFRIEDING BRUECKE,20.3,9.9405,10.9359,9.6536,10.1731,-0.2869,-0.7628,-0.501,0.3309,0.9272,-1.1495,0.1476,0.13,-0.4759,0.0,14,26
dissolved_oxygen,Isar,Isar,2011,season_split,winter_oct_may,mg/l,HOFHAM,21.5,GOTTFRIEDING BRUECKE,20.3,11.3526,11.3657,10.5385,10.7206,-0.8141,-0.6451,0.3145,0.5128,1.437,-0.6907,1.3196,0.5397,0.169,0.0,13,17
dissolved_oxygen,Isar,Isar,2011,distance_sensitivity,all_year,mg/l,HOFHAM,21.5,Plattling Bruecke B8,54.4,10.3061,10.8757,9.9561,10.5219,-0.35,-0.3538,0.0092,0.3733,1.0459,-0.7224,0.7408,0.9804,-0.0038,0.0,33,35
dissolved_oxygen,Isar,Isar,2011,best_coverage,all_year,mg/l,HMS Moosburg,36.9,Plattling Bruecke B8,54.4,11.0659,10.7579,9.8861,10.4907,-1.1798,-0.2671,0.9127,0.3057,0.8567,0.3135,1.5119,0.0028,0.9127,0.0,36,36
dissolved_oxygen,Isar,Isar,2011,best_coverage_donut,donut_drop_1y_each_side,mg/l,HMS Moosburg,36.9,Plattling Bruecke B8,54.4,11.2979,10.5933,9.8347,10.601,-1.4631,0.0076,1.4606,0.3231,0.9052,0.8275,2.0938,0.0,1.4708,0.0,36,35
dissolved_oxygen,Isar,Isar,2011,best_coverage_season_split,summer_jun_sep,mg/l,HMS Moosburg,36.9,Plattling Bruecke B8,54.4,9.5806,9.8083,8.6806,9.1458,-0.9,-0.6625,0.2375,0.4382,1.2278,-0.6213,1.0963,0.5878,0.2375,0.0,12,12
dissolved_oxygen,Isar,Isar,2011,best_coverage_season_split,winter_oct_may,mg/l,HMS Moosburg,36.9,Plattling Bruecke B8,54.4,11.8086,11.2326,10.4889,11.1632,-1.3197,-0.0694,1.2503,0.3685,1.0326,0.528,1.9726,0.0007,1.2503,0.0,24,24
dissolved_oxygen,Isar,Isar,2011,best_coverage_placebo,placebo_2008,mg/l,HMS Moosburg,36.9,Plattling Bruecke B8,54.4,11.4296,10.7764,10.188,9.9653,-1.2417,-0.8111,0.4306,0.2987,0.837,-0.1549,1.016,0.1495,0.4306,0.0,36,24
dissolved_oxygen,Isar,Isar,2023,best_coverage,all_year,mg/l,Baierbrunn oh Ausleitung,104.3,Plattling Bruecke B8,54.4,10.5778,10.4167,10.2806,10.7917,-0.2972,0.375,0.6722,0.2008,0.5626,0.2787,1.0658,0.0008,0.6722,0.0,36,12
dissolved_oxygen,Isar,Isar,2023,best_coverage_placebo,placebo_2020,mg/l,Baierbrunn oh Ausleitung,104.3,Plattling Bruecke B8,54.4,10.5129,10.55,10.2129,10.3458,-0.3,-0.2042,0.1028,0.2275,0.6374,-0.343,0.5486,0.6513,0.0958,0.0,35,24
