case,outcome,rel_year,coef,se,ci_lo,ci_hi,gap_mean,n,reference
A1,temperature,-5,1.5856450262774453,0.2469004253841827,1.1017290847568284,2.069560967798062,2.5518987341772155,79,False
A1,temperature,-4,0.8935151194187108,0.26216808062003333,0.37967512350745214,1.4073551153299695,1.6772594752186587,343,False
A1,temperature,-3,1.4000000000000228,0.3002349233087436,0.8115503634137402,1.9884496365863054,2.2084931506849315,365,False
A1,temperature,-2,1.2441095890411116,0.24973837335127577,0.7546313717149935,1.7335878063672296,2.0526027397260274,365,False
A1,temperature,-1,0.0,0.0,0.0,0.0,0.8084931506849315,365,True
A1,temperature,0,-0.770993818529207,0.21022902300230267,-1.1830351321187629,-0.3589525049396512,0.03688524590163936,366,False
A1,temperature,1,-0.8227397260274002,0.2120254274149479,-1.2383019275674094,-0.4071775244873909,-0.014246575342465713,365,False
A1,temperature,2,-0.8841095890411055,0.22843230827974464,-1.3318286861747557,-0.4363904919074552,-0.07561643835616443,365,False
A1,temperature,3,-0.9125667919787996,0.21481543331959196,-1.3335973046085654,-0.4915362793490339,-0.09607843137254901,357,False
A1,temperature,4,-0.8895730535018702,0.2183126616924321,-1.3174580077881144,-0.46168809921562615,-0.08169398907103816,366,False
A1,level,-5,10.958904109589218,1.4806735677615186,8.056837243916215,13.860970975262221,-1.526027397260274,365,False
A1,level,-4,7.779795635870951,1.5864008440273325,4.670507116533435,10.889084155208465,-4.69672131147541,366,False
A1,level,-3,6.778082191780586,1.7235477289474912,3.3999907174076998,10.156173666153471,-5.706849315068493,365,False
A1,level,-2,6.438356164383662,1.5555361741784526,3.3895612863446707,9.487151042422653,-6.046575342465753,365,False
A1,level,-1,0.0,0.0,0.0,0.0,-12.484931506849316,365,True
A1,level,0,6.178702739696583,1.6146991961376491,3.0139504694010135,9.343455009992152,-6.297814207650274,366,False
A1,level,1,5.89863013698649,1.9192620184771754,2.136945703875579,9.660314570097402,-6.586301369863014,365,False
A1,level,2,9.131506849315151,1.613318284266741,5.969461116552386,12.293552582077917,-3.3534246575342466,365,False
A1,level,3,3.9315068493150847,1.8345026614041733,0.33594770342002755,7.527065995210142,-8.553424657534247,365,False
A1,level,4,3.8289759637401697,1.9941723199012857,-0.07952996223303765,7.7374818897133775,-8.647540983606557,366,False
B1,temperature,-2,-0.2494637099432616,0.2097879652884879,-0.6606405662986369,0.16171314641211365,0.22887323943661972,142,False
B1,temperature,-1,0.0,0.0,0.0,0.0,0.524,350,True
B1,temperature,0,-0.24030086203879308,0.19267014072876462,-0.6179273987634355,0.13732567468584939,0.25071428571428567,280,False
B1,temperature,1,-0.31650092285649467,0.17940574856378866,-0.668129728660969,0.03512788294797964,0.20356164383561642,365,False
B1,temperature,2,-0.1949956407547464,0.18697963474115023,-0.5614689906898551,0.17147770918036231,0.33247863247863246,351,False
B1,temperature,3,-0.5995846402333667,0.17804179034916084,-0.9485401370607529,-0.2506291434059804,-0.07865168539325856,356,False
B1,temperature,4,-0.6658084981887714,0.1777781088337353,-1.0142471887425346,-0.3173698076350082,-0.14478021978021968,364,False
B1,oxygen,-2,-0.5421587429707969,0.28369242651264753,-1.098185681622362,0.013868195680768247,-0.7174825174825176,143,False
B1,oxygen,-1,0.0,0.0,0.0,0.0,-0.19275362318840583,345,True
B1,oxygen,0,0.8266892252913866,0.20100427759400005,0.43272808046865513,1.220650370114118,0.6282142857142856,280,False
B1,oxygen,1,0.10216904645177434,0.19090671910624354,-0.2720012474031676,0.47633934030671626,-0.1028409090909091,352,False
B1,oxygen,2,0.1366458159456802,0.15183432372834244,-0.1609439901788663,0.4342356220702267,-0.07264150943396232,318,False
B1,oxygen,3,-0.0876764640294078,0.17422823438322754,-0.4291575285105369,0.25380460045172126,-0.29228571428571426,350,False
B1,oxygen,4,-0.13257769445333797,0.1873363992268047,-0.49975028993129245,0.23459490102461647,-0.3342776203966006,353,False
B1,o2_saturation,-2,-6.661644148573121,3.084054047365589,-12.706279007784662,-0.6170092893615804,-6.841504035995415,137,False
B1,o2_saturation,-1,0.0,0.0,0.0,0.0,-0.2984795646286275,345,True
B1,o2_saturation,0,7.481894072331441,2.2544791936233173,3.063196048934836,11.900592095728046,7.051186680932449,280,False
B1,o2_saturation,1,0.09222187441673996,2.012258187557078,-3.851731700790978,4.036175449624458,-0.3372908291074772,352,False
B1,o2_saturation,2,0.6067391800067141,1.5947349030389297,-2.518883794838563,3.7323621548519914,0.2122963330209627,318,False
B1,o2_saturation,3,-2.692659566102126,1.8521132371135125,-6.322734806134504,0.9374156739302517,-3.10296927905319,350,False
B1,o2_saturation,4,-3.372210340758615,1.9794623925252532,-7.251885338859599,0.5074646573423687,-3.7477555596815066,353,False
B2,temperature,-5,0.9583350221465112,0.15804289333777458,0.6485766431919677,1.2680934011010547,1.3248618784530388,362,False
B2,temperature,-4,0.35798010952355924,0.11993688059975256,0.12290814312996351,0.5930520759171549,0.7844594594594595,296,False
B2,temperature,-3,0.2810958904109729,0.12126300571814921,0.043424766546325794,0.51876701427562,0.6465753424657535,365,False
B2,temperature,-2,0.015151529575231599,0.107632091176423,-0.1958034927112888,0.22610655186175202,0.379945054945055,364,False
B2,temperature,-1,0.0,0.0,0.0,0.0,0.36547945205479454,365,True
B2,temperature,0,-0.1863240698575155,0.11993065110760673,-0.42138382667086344,0.048735686955832414,0.17841530054644808,366,False
B2,temperature,1,-0.053698630136984116,0.11317774255979388,-0.2755229294057262,0.16812566913175794,0.31178082191780815,365,False
B2,temperature,2,0.014811937007116475,0.13073938834638238,-0.24143255551258863,0.2710564295268216,0.3785123966942149,363,False
B2,temperature,3,0.08611618987234422,0.12407348075190405,-0.15706336383791136,0.3292957435825998,0.4568047337278106,338,False
B2,temperature,4,-0.14402535589108997,0.11329806707889163,-0.3660854868837208,0.0780347751015408,0.21988950276243105,362,False
B2,oxygen,-5,0.2804690874772552,0.6355412830656048,-0.9651689380197058,1.5261071129742163,0.7144508670520231,346,False
B2,oxygen,-4,0.5414152435196627,0.6367583402699625,-0.7066081702649644,1.7894386573042897,1.0308771929824563,285,False
B2,oxygen,-3,0.4840564841397716,0.6236001663889702,-0.7381773827357951,1.7062903510153384,0.9298050139275766,359,False
B2,oxygen,-2,0.5935290814476293,0.6290322349651807,-0.6393514441988617,1.8264096070941203,1.035933147632312,359,False
B2,oxygen,-1,0.0,0.0,0.0,0.0,0.45555555555555555,351,True
B2,oxygen,0,1.4620937103660825,0.6746541331056677,0.13979590745788206,2.784391513274283,1.9096685082872926,362,False
B2,oxygen,1,0.6297264101105281,0.6259474469826221,-0.5971080421902061,1.8565608624112624,1.068804664723032,343,False
B2,oxygen,2,0.46509407587581425,0.6487827293937468,-0.8064967075275256,1.736684859279154,0.9127118644067795,354,False
B2,oxygen,3,-0.20287632518680976,0.6538608841042038,-1.4844201089305675,1.078667458556948,0.2289230769230769,325,False
B2,oxygen,4,-0.3557298597917516,0.6934113519989696,-1.714791136180958,1.003331416597455,0.1449180327868853,305,False
B2,o2_saturation,-5,4.672132131633425,6.653028219551647,-8.367563566816443,17.71182783008329,9.621308532342944,346,False
B2,o2_saturation,-4,6.171841683965563,6.640006240484411,-6.842331404505088,19.186014772436213,11.934153013161254,285,False
B2,o2_saturation,-3,5.377073247221543,6.480971876364503,-7.32539821526986,18.079544709712945,10.522876916722526,359,False
B2,o2_saturation,-2,6.202870409254967,6.5585650916867015,-6.651680960712605,19.057421779222537,11.296765051419818,359,False
B2,o2_saturation,-1,0.0,0.0,0.0,0.0,5.277764185477528,351,True
B2,o2_saturation,0,13.69483360444122,6.994114692314983,-0.013379296238587912,27.403046505121026,18.84435686968921,362,False
B2,o2_saturation,1,6.119439463027739,6.5406113645713635,-6.699923248405511,18.93880217446099,11.127775412665839,343,False
B2,o2_saturation,2,4.2433800438762805,6.767250141557552,-9.020186507950104,17.506946595702665,9.39258479053396,354,False
B2,o2_saturation,3,-2.2792441131551375,6.980434082952453,-15.960643512197825,11.40215528588755,2.8323018234131934,314,False
B2,o2_saturation,4,-4.572031261991342,7.26219541348682,-18.805672721117475,9.661610197134792,1.3054508125662614,305,False
C1,temperature,-5,1.1798144876823333,0.2170770393312092,0.7543513087225785,1.6052776666420883,0.589196675900277,361,False
C1,temperature,-4,0.6556364307676753,0.1909537645656371,0.2813739295066858,1.0298989320286647,0.1430034129692833,293,False
C1,temperature,-3,0.14857468773510127,0.22898667401433526,-0.3002309462726097,0.5973803217428123,-0.4265927977839335,361,False
C1,temperature,-2,0.09799774866462789,0.1990086986546378,-0.2920521333086469,0.4880476306379027,-0.49388888888888893,360,False
C1,temperature,-1,0.0,0.0,0.0,0.0,-0.5790633608815426,363,True
C1,temperature,0,0.6348703860298477,0.2574454557976916,0.1302865646828737,1.1394542073768217,0.054918032786885305,366,False
C1,temperature,1,0.440936468992048,0.20047588142525027,0.048010961629635085,0.833861976354461,-0.14038461538461547,364,False
C1,temperature,2,0.33163852011063844,0.21569856012683364,-0.09112288925510287,0.7543999294763797,-0.24227405247813405,343,False
C1,temperature,3,0.11577818588381183,0.21093356793159715,-0.2976440103926515,0.5292003821602751,-0.5392523364485982,321,False
C1,temperature,4,0.06885688691985437,0.18111423123620002,-0.28612048339075696,0.4238342572304657,-0.5167582417582417,364,False
C1,oxygen,-5,-0.9368347350551326,0.27328206672582184,-1.4724577434584152,-0.4012117266518499,0.008192090395480155,354,False
C1,oxygen,-4,-1.1062123451566401,0.26975334592679334,-1.6349191878823297,-0.5775055024309507,-0.20034364261168386,291,False
C1,oxygen,-3,-0.8097156069068487,0.26303768736458905,-1.3252600007181496,-0.2941712130955477,0.1341807909604519,354,False
C1,oxygen,-2,-0.7299583077358028,0.2396200243552037,-1.1996049254466126,-0.26031169002499305,0.1986072423398329,359,False
C1,oxygen,-1,0.0,0.0,0.0,0.0,0.9415977961432507,363,True
C1,oxygen,0,-0.4902574236045818,0.45232763636556,-1.3768033000932094,0.3962884528840458,0.4550000000000001,360,False
C1,oxygen,1,-0.5575876809002723,0.42584576509165994,-1.39223004344883,0.2770546816482854,0.3876056338028169,355,False
C1,oxygen,2,-0.08063311689141939,0.3776539925784166,-0.8208213409628727,0.659555107180034,0.8448598130841121,321,False
C1,oxygen,3,-0.6923981477494424,0.2410675025765704,-1.1648817706425372,-0.21991452485634777,0.22646153846153844,325,False
C1,oxygen,4,-0.7774198595136687,0.35506595294214205,-1.4733363394166608,-0.08150337961067655,0.1448387096774194,310,False
C1,o2_saturation,-5,-6.824915616498429,2.766456620760358,-12.247070957981114,-1.4027602750157442,0.9289163085764716,354,False
C1,o2_saturation,-4,-10.08208957808679,2.721452495560767,-15.416038455022544,-4.748140701151036,-2.3483076783358126,290,False
C1,o2_saturation,-3,-8.07645609193448,2.48908150530351,-12.954966196914103,-3.197945986954857,-0.2682944874708234,354,False
C1,o2_saturation,-2,-7.12920824815239,2.421353742860239,-11.874974377989718,-2.383442118315063,0.4851817408211582,359,False
C1,o2_saturation,-1,0.0,0.0,0.0,0.0,7.770008358851157,363,True
C1,o2_saturation,0,-4.251954040818251,4.689291984339653,-13.442797443116334,4.938889361479833,3.559055811344162,360,False
C1,o2_saturation,1,-4.128191726955002,4.51367182647618,-12.97482594488144,4.7184424909714355,3.6890294568189304,355,False
C1,o2_saturation,2,0.19752096456575727,4.050346667568716,-7.741012628770753,8.136054557902268,7.949201284081433,321,False
C1,o2_saturation,3,-6.47071743964986,2.379190918289278,-11.133845951841623,-1.807588927458097,0.9069215609148588,305,False
C1,o2_saturation,4,-7.026242710979276,3.7563210761981116,-14.38849673469631,0.3360113127377584,0.8234576811187174,310,False
P1,temperature,-5,0.2545205479451932,0.08722767025337884,0.08355745579323484,0.42548364009715156,1.1906849315068493,365,False
P1,temperature,-4,0.34889303394501747,0.11028008976393332,0.1327480297958639,0.5650380380941711,1.2782967032967034,364,False
P1,temperature,-3,0.07184167010243993,0.10934406049547411,-0.14246875039205825,0.2861520905969381,0.9966666666666666,360,False
P1,temperature,-2,-0.04821917808219554,0.09704260864793104,-0.23841919599795558,0.14198083983356452,0.8879452054794521,365,False
P1,temperature,-1,0.0,0.0,0.0,0.0,0.9361643835616438,365,True
P1,temperature,0,0.27007345095703955,0.11713437611089764,0.04049429242811131,0.4996526094859678,1.2027397260273973,365,False
P1,temperature,1,0.1232226840524021,0.09957030061280105,-0.07193151907851443,0.31837688718331864,1.0533333333333332,360,False
P1,temperature,2,0.02470324360555107,0.08700318585223721,-0.14581986720507864,0.19522635441618078,0.9359550561797753,356,False
P1,temperature,3,-0.3449315068493088,0.09117447482506609,-0.5236301938157921,-0.1662328198828254,0.5912328767123287,365,False
P1,temperature,4,-0.32216417467127695,0.08891721498804604,-0.49643871365345227,-0.1478896356891016,0.6114754098360655,366,False
P2,temperature,-5,0.21979974646963904,0.17157653666676287,-0.11648408598933221,0.5560835789286103,-0.7287292817679558,362,False
P2,temperature,-4,0.27154769427728054,0.16530409000529694,-0.052442368630268965,0.59553775718483,-0.68,360,False
P2,temperature,-3,-0.13793806016823526,0.22556287677684064,-0.5800331749000891,0.3041570545636185,-1.0770083102493075,361,False
P2,temperature,-2,0.07702228667543207,0.17391036144652677,-0.2638357582981036,0.41788033164896765,-0.8832869080779945,359,False
P2,temperature,-1,0.0,0.0,0.0,0.0,-0.947107438016529,363,True
P2,temperature,0,0.8224928228253461,0.2143417375074901,0.4023907369269274,1.2425949087237647,-0.12349726775956275,366,False
P2,temperature,1,0.4957699698953184,0.1817432736050668,0.13955969919697842,0.8519802405936584,-0.4513736263736264,364,False
P2,temperature,2,0.3047981734478556,0.2078104942199143,-0.10250291083264551,0.7120992577283567,-0.6501457725947521,343,False
P2,temperature,3,0.0413836229076648,0.19036069573154596,-0.3317164847981529,0.4144837306134825,-0.9335347432024169,331,False
P2,temperature,4,0.20496972785395576,0.165070816726195,-0.11856312782799841,0.52850258353591,-0.7351648351648352,364,False
P2,oxygen,-5,-1.242187635406337,0.7379157455365685,-2.688475920283034,0.20410064947036033,-0.7181303116147308,353,False
P2,oxygen,-4,-1.508127555542032,0.7040771393480773,-2.8880933910022524,-0.12816172008181148,-0.9790368271954675,353,False
P2,oxygen,-3,-1.287191935016663,0.6952616440339858,-2.6498797171553825,0.07549584712205659,-0.7658333333333335,360,False
P2,oxygen,-2,-1.3068542275873012,0.6824970126586833,-2.644523791954498,0.030815336779895564,-0.8175637393767704,353,False
P2,oxygen,-1,0.0,0.0,0.0,0.0,0.4922636103151863,349,True
P2,oxygen,0,-1.9653863440713863,0.709955738204594,-3.356874021569938,-0.5738986665728347,-1.4445054945054945,364,False
P2,oxygen,1,-1.1746713521146723,0.7655196213929832,-2.6750622395036574,0.32571953527431274,-0.6324786324786325,351,False
P2,oxygen,2,-0.44250966648103046,0.7199381149437809,-1.8535624428684987,0.9685431099064379,0.01781250000000003,320,False
P2,oxygen,3,-0.5392071026888272,0.702468746189993,-1.9160205454862218,0.8376063401085674,-0.012424242424242404,330,False
P2,oxygen,4,-0.5916885014666143,0.7956476520905131,-2.1511292439478753,0.9677522410146465,-0.08088642659279777,361,False
P2,o2_saturation,-5,-11.701174735366902,7.481424645473169,-26.364497593544655,2.962148122810852,-8.790456051182382,353,False
P2,o2_saturation,-4,-14.748638239116381,7.136753299606229,-28.736417672891985,-0.7608588053407779,-11.784331759914094,352,False
P2,o2_saturation,-3,-13.389436627904885,6.969406083597662,-27.04922154539065,0.2703482895808822,-10.507946782267366,360,False
P2,o2_saturation,-2,-13.175142955555504,6.913290668697543,-26.724943680859514,0.37465776974850584,-10.705229944916734,353,False
P2,o2_saturation,-1,0.0,0.0,0.0,0.0,2.587943713620548,349,True
P2,o2_saturation,0,-18.02868412010884,7.2636463000300395,-32.26516926460533,-3.792198975612342,-15.154603169854072,364,False
P2,o2_saturation,1,-10.141782153863925,7.792892310923193,-25.415570418672495,5.132006110944646,-7.005079101650436,351,False
P2,o2_saturation,2,-3.2018228067378915,7.357233790175266,-17.62173606132253,11.218090447846745,-0.9604053712260743,320,False
P2,o2_saturation,3,-4.856407437344187,7.13750149561631,-18.845653308352922,9.132838433664551,-1.7625067458280703,321,False
P2,o2_saturation,4,-4.4499001130711635,8.142983495935722,-20.40985449180924,11.510054265666913,-1.6635319918616636,361,False
