"GCODE";"Ost";"Nord";"AWGN ID";"Messstelle";"Gewässer";"Parameter";"Jahr";"Datum";"Vorzeichen";"Messwert";"Bestimmungsgrenze";"Dimension";"Medium";"Probeart"
"CXX426";"460.534";"5.481.373";"6.187";"Mannheim, Rhein (CXX426)";"Rhein";"Temperatur";"2014";"07.01.2014";"-";"7,8";"0";"°C";"Oberflaechengewaesser";"Stichprobe"
"CXX426";"460.534";"5.481.373";"6.187";"Mannheim, Rhein (CXX426)";"Rhein";"Temperatur";"2014";"20.01.2014";"-";"8,1";"0";"°C";"Oberflaechengewaesser";"Stichprobe"
"CXX426";"460.534";"5.481.373";"6.187";"Mannheim, Rhein (CXX426)";"Rhein";"Temperatur";"2014";"03.02.2014";"-";"4,3";"0";"°C";"Oberflaechengewaesser";"Stichprobe"
"CXX426";"460.534";"5.481.373";"6.187";"Mannheim, Rhein (CXX426)";"Rhein";"Temperatur";"2014";"17.02.2014";"-";"8";"0";"°C";"Oberflaechengewaesser";"Stichprobe"
"CXX426";"460.534";"5.481.373";"6.187";"Mannheim, Rhein (CXX426)";"Rhein";"Temperatur";"2014";"03.03.2014";"-";"9,7";"0";"°C";"Oberflaechengewaesser";"Stichprobe"
"CXX426";"460.534";"5.481.373";"6.187";"Mannheim, Rhein (CXX426)";"Rhein";"Temperatur";"2014";"17.03.2014";"-";"10,9";"0";"°C";"Oberflaechengewaesser";"Stichprobe"
"CXX426";"460.534";"5.481.373";"6.187";"Mannheim, Rhein (CXX426)";"Rhein";"Temperatur";"2014";"31.03.2014";"-";"13,6";"0";"°C";"Oberflaechengewaesser";"Stichprobe"
"CXX426";"460.534";"5.481.373";"6.187";"Mannheim, Rhein (CXX426)";"Rhein";"Temperatur";"2014";"14.04.2014";"-";"15,2";"0";"°C";"Oberflaechengewaesser";"Stichprobe"
"CXX426";"460.534";"5.481.373";"6.187";"Mannheim, Rhein (CXX426)";"Rhein";"Temperatur";"2014";"28.04.2014";"-";"16,5";"0";"°C";"Oberflaechengewaesser";"Stichprobe"
"CXX426";"460.534";"5.481.373";"6.187";"Mannheim, Rhein (CXX426)";"Rhein";"Temperatur";"2014";"12.05.2014";"-";"15,2";"0";"°C";"Oberflaechengewaesser";"Stichprobe"
"CXX426";"460.534";"5.481.373";"6.187";"Mannheim, Rhein (CXX426)";"Rhein";"Temperatur";"2014";"26.05.2014";"-";"19,3";"0";"°C";"Oberflaechengewaesser";"Stichprobe"
"CXX426";"460.534";"5.481.373";"6.187";"Mannheim, Rhein (CXX426)";"Rhein";"Temperatur";"2014";"10.06.2014";"-";"23,9";"0";"°C";"Oberflaechengewaesser";"Stichprobe"
"CXX426";"460.534";"5.481.373";"6.187";"Mannheim, Rhein (CXX426)";"Rhein";"Temperatur";"2014";"23.06.2014";"-";"22,4";"0";"°C";"Oberflaechengewaesser";"Stichprobe"
"CXX426";"460.534";"5.481.373";"6.187";"Mannheim, Rhein (CXX426)";"Rhein";"Temperatur";"2014";"07.07.2014";"-";"22,3";"0";"°C";"Oberflaechengewaesser";"Stichprobe"
"CXX426";"460.534";"5.481.373";"6.187";"Mannheim, Rhein (CXX426)";"Rhein";"Temperatur";"2014";"21.07.2014";"-";"21,9";"0";"°C";"Oberflaechengewaesser";"Stichprobe"
"CXX426";"460.534";"5.481.373";"6.187";"Mannheim, Rhein (CXX426)";"Rhein";"Temperatur";"2014";"04.08.2014";"-";"21,1";"0";"°C";"Oberflaechengewaesser";"Stichprobe"
"CXX426";"460.534";"5.481.373";"6.187";"Mannheim, Rhein (CXX426)";"Rhein";"Temperatur";"2014";"18.08.2014";"-";"18,8";"0";"°C";"Oberflaechengewaesser";"Stichprobe"
"CXX426";"460.534";"5.481.373";"6.187";"Mannheim, Rhein (CXX426)";"Rhein";"Temperatur";"2014";"01.09.2014";"-";"19,7";"0";"°C";"Oberflaechengewaesser";"Stichprobe"
"CXX426";"460.534";"5.481.373";"6.187";"Mannheim, Rhein (CXX426)";"Rhein";"Temperatur";"2014";"15.09.2014";"-";"20,4";"0";"°C";"Oberflaechengewaesser";"Stichprobe"
"CXX426";"460.534";"5.481.373";"6.187";"Mannheim, Rhein (CXX426)";"Rhein";"Temperatur";"2014";"29.09.2014";"-";"19,6";"0";"°C";"Oberflaechengewaesser";"Stichprobe"
"CXX426";"460.534";"5.481.373";"6.187";"Mannheim, Rhein (CXX426)";"Rhein";"Temperatur";"2014";"13.10.2014";"-";"18,4";"0";"°C";"Oberflaechengewaesser";"Stichprobe"
"CXX426";"460.534";"5.481.373";"6.187";"Mannheim, Rhein (CXX426)";"Rhein";"Temperatur";"2014";"27.10.2014";"-";"15,3";"0";"°C";"Oberflaechengewaesser";"Stichprobe"
"CXX426";"460.534";"5.481.373";"6.187";"Mannheim, Rhein (CXX426)";"Rhein";"Temperatur";"2014";"10.11.2014";"-";"12,9";"0";"°C";"Oberflaechengewaesser";"Stichprobe"
"CXX426";"460.534";"5.481.373";"6.187";"Mannheim, Rhein (CXX426)";"Rhein";"Temperatur";"2014";"24.11.2014";"-";"11,7";"0";"°C";"Oberflaechengewaesser";"Stichprobe"
"CXX426";"460.534";"5.481.373";"6.187";"Mannheim, Rhein (CXX426)";"Rhein";"Temperatur";"2014";"08.12.2014";"-";"10,6";"0";"°C";"Oberflaechengewaesser";"Stichprobe"
"CXX426";"460.534";"5.481.373";"6.187";"Mannheim, Rhein (CXX426)";"Rhein";"Temperatur";"2015";"05.01.2015";"-";"6,5";"0";"°C";"Oberflaechengewaesser";"Stichprobe"
"CXX426";"460.534";"5.481.373";"6.187";"Mannheim, Rhein (CXX426)";"Rhein";"Temperatur";"2015";"19.01.2015";"-";"6,7";"0";"°C";"Oberflaechengewaesser";"Stichprobe"
"CXX426";"460.534";"5.481.373";"6.187";"Mannheim, Rhein (CXX426)";"Rhein";"Temperatur";"2015";"02.02.2015";"-";"6";"0";"°C";"Oberflaechengewaesser";"Stichprobe"
"CXX426";"460.534";"5.481.373";"6.187";"Mannheim, Rhein (CXX426)";"Rhein";"Temperatur";"2015";"16.02.2015";"-";"6,1";"0";"°C";"Oberflaechengewaesser";"Stichprobe"
"CXX426";"460.534";"5.481.373";"6.187";"Mannheim, Rhein (CXX426)";"Rhein";"Temperatur";"2015";"02.03.2015";"-";"7,7";"0";"°C";"Oberflaechengewaesser";"Stichprobe"
"CXX426";"460.534";"5.481.373";"6.187";"Mannheim, Rhein (CXX426)";"Rhein";"Temperatur";"2015";"16.03.2015";"-";"9";"0";"°C";"Oberflaechengewaesser";"Stichprobe"
"CXX426";"460.534";"5.481.373";"6.187";"Mannheim, Rhein (CXX426)";"Rhein";"Temperatur";"2015";"30.03.2015";"-";"10,6";"0";"°C";"Oberflaechengewaesser";"Stichprobe"
"CXX426";"460.534";"5.481.373";"6.187";"Mannheim, Rhein (CXX426)";"Rhein";"Temperatur";"2015";"13.04.2015";"-";"12,1";"0";"°C";"Oberflaechengewaesser";"Stichprobe"
"CXX426";"460.534";"5.481.373";"6.187";"Mannheim, Rhein (CXX426)";"Rhein";"Temperatur";"2015";"27.04.2015";"-";"15,7";"0";"°C";"Oberflaechengewaesser";"Stichprobe"
"CXX426";"460.534";"5.481.373";"6.187";"Mannheim, Rhein (CXX426)";"Rhein";"Temperatur";"2015";"11.05.2015";"-";"15,8";"0";"°C";"Oberflaechengewaesser";"Stichprobe"
"CXX426";"460.534";"5.481.373";"6.187";"Mannheim, Rhein (CXX426)";"Rhein";"Temperatur";"2015";"26.05.2015";"-";"16,1";"0";"°C";"Oberflaechengewaesser";"Stichprobe"
"CXX426";"460.534";"5.481.373";"6.187";"Mannheim, Rhein (CXX426)";"Rhein";"Temperatur";"2015";"08.06.2015";"-";"20,8";"0";"°C";"Oberflaechengewaesser";"Stichprobe"
"CXX426";"460.534";"5.481.373";"6.187";"Mannheim, Rhein (CXX426)";"Rhein";"Temperatur";"2015";"22.06.2015";"-";"18,9";"0";"°C";"Oberflaechengewaesser";"Stichprobe"
"CXX426";"460.534";"5.481.373";"6.187";"Mannheim, Rhein (CXX426)";"Rhein";"Temperatur";"2015";"06.07.2015";"-";"25,3";"0";"°C";"Oberflaechengewaesser";"Stichprobe"
"CXX426";"460.534";"5.481.373";"6.187";"Mannheim, Rhein (CXX426)";"Rhein";"Temperatur";"2015";"20.07.2015";"-";"25,4";"0";"°C";"Oberflaechengewaesser";"Stichprobe"
"CXX426";"460.534";"5.481.373";"6.187";"Mannheim, Rhein (CXX426)";"Rhein";"Temperatur";"2015";"03.08.2015";"-";"23,6";"0";"°C";"Oberflaechengewaesser";"Stichprobe"
"CXX426";"460.534";"5.481.373";"6.187";"Mannheim, Rhein (CXX426)";"Rhein";"Temperatur";"2015";"17.08.2015";"-";"23,9";"0";"°C";"Oberflaechengewaesser";"Stichprobe"
"CXX426";"460.534";"5.481.373";"6.187";"Mannheim, Rhein (CXX426)";"Rhein";"Temperatur";"2015";"31.08.2015";"-";"25,6";"0";"°C";"Oberflaechengewaesser";"Stichprobe"
"CXX426";"460.534";"5.481.373";"6.187";"Mannheim, Rhein (CXX426)";"Rhein";"Temperatur";"2015";"14.09.2015";"-";"21,9";"0";"°C";"Oberflaechengewaesser";"Stichprobe"
"CXX426";"460.534";"5.481.373";"6.187";"Mannheim, Rhein (CXX426)";"Rhein";"Temperatur";"2015";"28.09.2015";"-";"17,8";"0";"°C";"Oberflaechengewaesser";"Stichprobe"
"CXX426";"460.534";"5.481.373";"6.187";"Mannheim, Rhein (CXX426)";"Rhein";"Temperatur";"2015";"12.10.2015";"-";"16,3";"0";"°C";"Oberflaechengewaesser";"Stichprobe"
"CXX426";"460.534";"5.481.373";"6.187";"Mannheim, Rhein (CXX426)";"Rhein";"Temperatur";"2015";"26.10.2015";"-";"15,6";"0";"°C";"Oberflaechengewaesser";"Stichprobe"
"CXX426";"460.534";"5.481.373";"6.187";"Mannheim, Rhein (CXX426)";"Rhein";"Temperatur";"2015";"09.11.2015";"-";"15,4";"0";"°C";"Oberflaechengewaesser";"Stichprobe"
"CXX426";"460.534";"5.481.373";"6.187";"Mannheim, Rhein (CXX426)";"Rhein";"Temperatur";"2015";"23.11.2015";"-";"11,6";"0";"°C";"Oberflaechengewaesser";"Stichprobe"
"CXX426";"460.534";"5.481.373";"6.187";"Mannheim, Rhein (CXX426)";"Rhein";"Temperatur";"2015";"07.12.2015";"-";"10,5";"0";"°C";"Oberflaechengewaesser";"Stichprobe"
"CXX426";"460.534";"5.481.373";"6.187";"Mannheim, Rhein (CXX426)";"Rhein";"Temperatur";"2015";"21.12.2015";"-";"10,3";"0";"°C";"Oberflaechengewaesser";"Stichprobe"
"CXX426";"460.534";"5.481.373";"6.187";"Mannheim, Rhein (CXX426)";"Rhein";"Temperatur";"2016";"04.01.2016";"-";"9,5";"0";"°C";"Oberflaechengewaesser";"Stichprobe"
"CXX426";"460.534";"5.481.373";"6.187";"Mannheim, Rhein (CXX426)";"Rhein";"Temperatur";"2016";"18.01.2016";"-";"5,6";"0";"°C";"Oberflaechengewaesser";"Stichprobe"
"CXX426";"460.534";"5.481.373";"6.187";"Mannheim, Rhein (CXX426)";"Rhein";"Temperatur";"2016";"01.02.2016";"-";"8,9";"0";"°C";"Oberflaechengewaesser";"Stichprobe"
"CXX426";"460.534";"5.481.373";"6.187";"Mannheim, Rhein (CXX426)";"Rhein";"Temperatur";"2016";"15.02.2016";"-";"6,9";"0";"°C";"Oberflaechengewaesser";"Stichprobe"
"CXX426";"460.534";"5.481.373";"6.187";"Mannheim, Rhein (CXX426)";"Rhein";"Temperatur";"2016";"29.02.2016";"-";"6,5";"0";"°C";"Oberflaechengewaesser";"Stichprobe"
"CXX426";"460.534";"5.481.373";"6.187";"Mannheim, Rhein (CXX426)";"Rhein";"Temperatur";"2016";"14.03.2016";"-";"9,5";"0";"°C";"Oberflaechengewaesser";"Stichprobe"
"CXX426";"460.534";"5.481.373";"6.187";"Mannheim, Rhein (CXX426)";"Rhein";"Temperatur";"2016";"29.03.2016";"-";"10,3";"0";"°C";"Oberflaechengewaesser";"Stichprobe"
"CXX426";"460.534";"5.481.373";"6.187";"Mannheim, Rhein (CXX426)";"Rhein";"Temperatur";"2016";"11.04.2016";"-";"12,3";"0";"°C";"Oberflaechengewaesser";"Stichprobe"
"CXX426";"460.534";"5.481.373";"6.187";"Mannheim, Rhein (CXX426)";"Rhein";"Temperatur";"2016";"25.04.2016";"-";"11";"0";"°C";"Oberflaechengewaesser";"Stichprobe"
"CXX426";"460.534";"5.481.373";"6.187";"Mannheim, Rhein (CXX426)";"Rhein";"Temperatur";"2016";"09.05.2016";"-";"15,7";"0";"°C";"Oberflaechengewaesser";"Stichprobe"
"CXX426";"460.534";"5.481.373";"6.187";"Mannheim, Rhein (CXX426)";"Rhein";"Temperatur";"2016";"23.05.2016";"-";"15,2";"0";"°C";"Oberflaechengewaesser";"Stichprobe"
"CXX426";"460.534";"5.481.373";"6.187";"Mannheim, Rhein (CXX426)";"Rhein";"Temperatur";"2016";"06.06.2016";"-";"17,9";"0";"°C";"Oberflaechengewaesser";"Stichprobe"
"CXX426";"460.534";"5.481.373";"6.187";"Mannheim, Rhein (CXX426)";"Rhein";"Temperatur";"2016";"20.06.2016";"-";"17";"0";"°C";"Oberflaechengewaesser";"Stichprobe"
"CXX426";"460.534";"5.481.373";"6.187";"Mannheim, Rhein (CXX426)";"Rhein";"Temperatur";"2016";"04.07.2016";"-";"20,5";"0";"°C";"Oberflaechengewaesser";"Stichprobe"
"CXX426";"460.534";"5.481.373";"6.187";"Mannheim, Rhein (CXX426)";"Rhein";"Temperatur";"2016";"18.07.2016";"-";"20,8";"0";"°C";"Oberflaechengewaesser";"Stichprobe"
"CXX426";"460.534";"5.481.373";"6.187";"Mannheim, Rhein (CXX426)";"Rhein";"Temperatur";"2016";"01.08.2016";"-";"23,2";"0";"°C";"Oberflaechengewaesser";"Stichprobe"
"CXX426";"460.534";"5.481.373";"6.187";"Mannheim, Rhein (CXX426)";"Rhein";"Temperatur";"2016";"15.08.2016";"-";"23,6";"0";"°C";"Oberflaechengewaesser";"Stichprobe"
"CXX426";"460.534";"5.481.373";"6.187";"Mannheim, Rhein (CXX426)";"Rhein";"Temperatur";"2016";"29.08.2016";"-";"24,7";"0";"°C";"Oberflaechengewaesser";"Stichprobe"
"CXX426";"460.534";"5.481.373";"6.187";"Mannheim, Rhein (CXX426)";"Rhein";"Temperatur";"2016";"12.09.2016";"-";"23,6";"0";"°C";"Oberflaechengewaesser";"Stichprobe"
"CXX426";"460.534";"5.481.373";"6.187";"Mannheim, Rhein (CXX426)";"Rhein";"Temperatur";"2016";"26.09.2016";"-";"20,6";"0";"°C";"Oberflaechengewaesser";"Stichprobe"
"CXX426";"460.534";"5.481.373";"6.187";"Mannheim, Rhein (CXX426)";"Rhein";"Temperatur";"2016";"10.10.2016";"-";"16,4";"0";"°C";"Oberflaechengewaesser";"Stichprobe"
"CXX426";"460.534";"5.481.373";"6.187";"Mannheim, Rhein (CXX426)";"Rhein";"Temperatur";"2016";"24.10.2016";"-";"15,2";"0";"°C";"Oberflaechengewaesser";"Stichprobe"
"CXX426";"460.534";"5.481.373";"6.187";"Mannheim, Rhein (CXX426)";"Rhein";"Temperatur";"2016";"07.11.2016";"-";"12,3";"0";"°C";"Oberflaechengewaesser";"Stichprobe"
"CXX426";"460.534";"5.481.373";"6.187";"Mannheim, Rhein (CXX426)";"Rhein";"Temperatur";"2016";"21.11.2016";"-";"11";"0";"°C";"Oberflaechengewaesser";"Stichprobe"
"CXX426";"460.534";"5.481.373";"6.187";"Mannheim, Rhein (CXX426)";"Rhein";"Temperatur";"2016";"05.12.2016";"-";"7,6";"0";"°C";"Oberflaechengewaesser";"Stichprobe"
"CXX426";"460.534";"5.481.373";"6.187";"Mannheim, Rhein (CXX426)";"Rhein";"Temperatur";"2016";"19.12.2016";"-";"9,3";"0";"°C";"Oberflaechengewaesser";"Stichprobe"
"CXX426";"460.534";"5.481.373";"6.187";"Mannheim, Rhein (CXX426)";"Rhein";"Temperatur";"2017";"02.01.2017";"-";"5,6";"0";"°C";"Oberflaechengewaesser";"Stichprobe"
"CXX426";"460.534";"5.481.373";"6.187";"Mannheim, Rhein (CXX426)";"Rhein";"Temperatur";"2017";"16.01.2017";"-";"5,2";"0";"°C";"Oberflaechengewaesser";"Stichprobe"
"CXX426";"460.534";"5.481.373";"6.187";"Mannheim, Rhein (CXX426)";"Rhein";"Temperatur";"2017";"30.01.2017";"-";"4,1";"0";"°C";"Oberflaechengewaesser";"Stichprobe"
"CXX426";"460.534";"5.481.373";"6.187";"Mannheim, Rhein (CXX426)";"Rhein";"Temperatur";"2017";"13.02.2017";"-";"6,3";"0";"°C";"Oberflaechengewaesser";"Stichprobe"
"CXX426";"460.534";"5.481.373";"6.187";"Mannheim, Rhein (CXX426)";"Rhein";"Temperatur";"2017";"27.02.2017";"-";"8,6";"0";"°C";"Oberflaechengewaesser";"Stichprobe"
"CXX426";"460.534";"5.481.373";"6.187";"Mannheim, Rhein (CXX426)";"Rhein";"Temperatur";"2017";"13.03.2017";"-";"8,3";"0";"°C";"Oberflaechengewaesser";"Stichprobe"
"CXX426";"460.534";"5.481.373";"6.187";"Mannheim, Rhein (CXX426)";"Rhein";"Temperatur";"2017";"27.03.2017";"-";"11,4";"0";"°C";"Oberflaechengewaesser";"Stichprobe"
"CXX426";"460.534";"5.481.373";"6.187";"Mannheim, Rhein (CXX426)";"Rhein";"Temperatur";"2017";"10.04.2017";"-";"14,7";"0";"°C";"Oberflaechengewaesser";"Stichprobe"
"CXX426";"460.534";"5.481.373";"6.187";"Mannheim, Rhein (CXX426)";"Rhein";"Temperatur";"2017";"24.04.2017";"-";"12,6";"0";"°C";"Oberflaechengewaesser";"Stichprobe"
"CXX426";"460.534";"5.481.373";"6.187";"Mannheim, Rhein (CXX426)";"Rhein";"Temperatur";"2017";"08.05.2017";"-";"13,3";"0";"°C";"Oberflaechengewaesser";"Stichprobe"
"CXX426";"460.534";"5.481.373";"6.187";"Mannheim, Rhein (CXX426)";"Rhein";"Temperatur";"2017";"22.05.2017";"-";"18,7";"0";"°C";"Oberflaechengewaesser";"Stichprobe"
"CXX426";"460.534";"5.481.373";"6.187";"Mannheim, Rhein (CXX426)";"Rhein";"Temperatur";"2017";"06.06.2017";"-";"21,4";"0";"°C";"Oberflaechengewaesser";"Stichprobe"
"CXX426";"460.534";"5.481.373";"6.187";"Mannheim, Rhein (CXX426)";"Rhein";"Temperatur";"2017";"19.06.2017";"-";"23,9";"0";"°C";"Oberflaechengewaesser";"Stichprobe"
"CXX426";"460.534";"5.481.373";"6.187";"Mannheim, Rhein (CXX426)";"Rhein";"Temperatur";"2017";"03.07.2017";"-";"22,7";"0";"°C";"Oberflaechengewaesser";"Stichprobe"
"CXX426";"460.534";"5.481.373";"6.187";"Mannheim, Rhein (CXX426)";"Rhein";"Temperatur";"2017";"17.07.2017";"-";"24,4";"0";"°C";"Oberflaechengewaesser";"Stichprobe"
"CXX426";"460.534";"5.481.373";"6.187";"Mannheim, Rhein (CXX426)";"Rhein";"Temperatur";"2017";"31.07.2017";"-";"22,5";"0";"°C";"Oberflaechengewaesser";"Stichprobe"
"CXX426";"460.534";"5.481.373";"6.187";"Mannheim, Rhein (CXX426)";"Rhein";"Temperatur";"2017";"14.08.2017";"-";"21,5";"0";"°C";"Oberflaechengewaesser";"Stichprobe"
"CXX426";"460.534";"5.481.373";"6.187";"Mannheim, Rhein (CXX426)";"Rhein";"Temperatur";"2017";"28.08.2017";"-";"24,4";"0";"°C";"Oberflaechengewaesser";"Stichprobe"
"CXX426";"460.534";"5.481.373";"6.187";"Mannheim, Rhein (CXX426)";"Rhein";"Temperatur";"2017";"11.09.2017";"-";"18,6";"0";"°C";"Oberflaechengewaesser";"Stichprobe"
"CXX426";"460.534";"5.481.373";"6.187";"Mannheim, Rhein (CXX426)";"Rhein";"Temperatur";"2017";"25.09.2017";"-";"16,4";"0";"°C";"Oberflaechengewaesser";"Stichprobe"
"CXX426";"460.534";"5.481.373";"6.187";"Mannheim, Rhein (CXX426)";"Rhein";"Temperatur";"2017";"09.10.2017";"-";"17";"0";"°C";"Oberflaechengewaesser";"Stichprobe"
"CXX426";"460.534";"5.481.373";"6.187";"Mannheim, Rhein (CXX426)";"Rhein";"Temperatur";"2017";"23.10.2017";"-";"15,6";"0";"°C";"Oberflaechengewaesser";"Stichprobe"
"CXX426";"460.534";"5.481.373";"6.187";"Mannheim, Rhein (CXX426)";"Rhein";"Temperatur";"2017";"06.11.2017";"-";"13,8";"0";"°C";"Oberflaechengewaesser";"Stichprobe"
"CXX426";"460.534";"5.481.373";"6.187";"Mannheim, Rhein (CXX426)";"Rhein";"Temperatur";"2017";"20.11.2017";"-";"9,2";"0";"°C";"Oberflaechengewaesser";"Stichprobe"
"CXX426";"460.534";"5.481.373";"6.187";"Mannheim, Rhein (CXX426)";"Rhein";"Temperatur";"2017";"04.12.2017";"-";"6,6";"0";"°C";"Oberflaechengewaesser";"Stichprobe"
"CXX426";"460.534";"5.481.373";"6.187";"Mannheim, Rhein (CXX426)";"Rhein";"Temperatur";"2017";"18.12.2017";"-";"6,3";"0";"°C";"Oberflaechengewaesser";"Stichprobe"
"CXX426";"460.534";"5.481.373";"6.187";"Mannheim, Rhein (CXX426)";"Rhein";"Temperatur";"2018";"08.01.2018";"-";"7,8";"0";"°C";"Oberflaechengewaesser";"Stichprobe"
"CXX426";"460.534";"5.481.373";"6.187";"Mannheim, Rhein (CXX426)";"Rhein";"Temperatur";"2018";"22.01.2018";"-";"6,6";"0";"°C";"Oberflaechengewaesser";"Stichprobe"
"CXX426";"460.534";"5.481.373";"6.187";"Mannheim, Rhein (CXX426)";"Rhein";"Temperatur";"2018";"05.02.2018";"-";"6,7";"0";"°C";"Oberflaechengewaesser";"Stichprobe"
"CXX426";"460.534";"5.481.373";"6.187";"Mannheim, Rhein (CXX426)";"Rhein";"Temperatur";"2018";"19.02.2018";"-";"5,7";"0";"°C";"Oberflaechengewaesser";"Stichprobe"
"CXX426";"460.534";"5.481.373";"6.187";"Mannheim, Rhein (CXX426)";"Rhein";"Temperatur";"2018";"05.03.2018";"-";"5,9";"0";"°C";"Oberflaechengewaesser";"Stichprobe"
"CXX426";"460.534";"5.481.373";"6.187";"Mannheim, Rhein (CXX426)";"Rhein";"Temperatur";"2018";"19.03.2018";"-";"6,8";"0";"°C";"Oberflaechengewaesser";"Stichprobe"
"CXX426";"460.534";"5.481.373";"6.187";"Mannheim, Rhein (CXX426)";"Rhein";"Temperatur";"2018";"03.04.2018";"-";"11,2";"0";"°C";"Oberflaechengewaesser";"Stichprobe"
"CXX426";"460.534";"5.481.373";"6.187";"Mannheim, Rhein (CXX426)";"Rhein";"Temperatur";"2018";"16.04.2018";"-";"14,7";"0";"°C";"Oberflaechengewaesser";"Stichprobe"
"CXX426";"460.534";"5.481.373";"6.187";"Mannheim, Rhein (CXX426)";"Rhein";"Temperatur";"2018";"30.04.2018";"-";"15,5";"0";"°C";"Oberflaechengewaesser";"Stichprobe"
"CXX426";"460.534";"5.481.373";"6.187";"Mannheim, Rhein (CXX426)";"Rhein";"Temperatur";"2018";"14.05.2018";"-";"17,3";"0";"°C";"Oberflaechengewaesser";"Stichprobe"
"CXX426";"460.534";"5.481.373";"6.187";"Mannheim, Rhein (CXX426)";"Rhein";"Temperatur";"2018";"28.05.2018";"-";"21,1";"0";"°C";"Oberflaechengewaesser";"Stichprobe"
"CXX426";"460.534";"5.481.373";"6.187";"Mannheim, Rhein (CXX426)";"Rhein";"Temperatur";"2018";"11.06.2018";"-";"23,5";"0";"°C";"Oberflaechengewaesser";"Stichprobe"
"CXX426";"460.534";"5.481.373";"6.187";"Mannheim, Rhein (CXX426)";"Rhein";"Temperatur";"2018";"25.06.2018";"-";"21,5";"0";"°C";"Oberflaechengewaesser";"Stichprobe"
"CXX426";"460.534";"5.481.373";"6.187";"Mannheim, Rhein (CXX426)";"Rhein";"Temperatur";"2018";"09.07.2018";"-";"24,1";"0";"°C";"Oberflaechengewaesser";"Stichprobe"
"CXX426";"460.534";"5.481.373";"6.187";"Mannheim, Rhein (CXX426)";"Rhein";"Temperatur";"2018";"23.07.2018";"-";"25,4";"0";"°C";"Oberflaechengewaesser";"Stichprobe"
"CXX426";"460.534";"5.481.373";"6.187";"Mannheim, Rhein (CXX426)";"Rhein";"Temperatur";"2018";"06.08.2018";"-";"26,6";"0";"°C";"Oberflaechengewaesser";"Stichprobe"
"CXX426";"460.534";"5.481.373";"6.187";"Mannheim, Rhein (CXX426)";"Rhein";"Temperatur";"2018";"20.08.2018";"-";"26,3";"0";"°C";"Oberflaechengewaesser";"Stichprobe"
"CXX426";"460.534";"5.481.373";"6.187";"Mannheim, Rhein (CXX426)";"Rhein";"Temperatur";"2018";"03.09.2018";"-";"22,2";"0";"°C";"Oberflaechengewaesser";"Stichprobe"
"CXX426";"460.534";"5.481.373";"6.187";"Mannheim, Rhein (CXX426)";"Rhein";"Temperatur";"2018";"17.09.2018";"-";"22,5";"0";"°C";"Oberflaechengewaesser";"Stichprobe"
"CXX426";"460.534";"5.481.373";"6.187";"Mannheim, Rhein (CXX426)";"Rhein";"Temperatur";"2018";"01.10.2018";"-";"18,9";"0";"°C";"Oberflaechengewaesser";"Stichprobe"
"CXX426";"460.534";"5.481.373";"6.187";"Mannheim, Rhein (CXX426)";"Rhein";"Temperatur";"2018";"15.10.2018";"-";"19,8";"0";"°C";"Oberflaechengewaesser";"Stichprobe"
"CXX426";"460.534";"5.481.373";"6.187";"Mannheim, Rhein (CXX426)";"Rhein";"Temperatur";"2018";"29.10.2018";"-";"13,5";"0";"°C";"Oberflaechengewaesser";"Stichprobe"
"CXX426";"460.534";"5.481.373";"6.187";"Mannheim, Rhein (CXX426)";"Rhein";"Temperatur";"2018";"12.11.2018";"-";"14,4";"0";"°C";"Oberflaechengewaesser";"Stichprobe"
"CXX426";"460.534";"5.481.373";"6.187";"Mannheim, Rhein (CXX426)";"Rhein";"Temperatur";"2018";"26.11.2018";"-";"11";"0";"°C";"Oberflaechengewaesser";"Stichprobe"
"CXX426";"460.534";"5.481.373";"6.187";"Mannheim, Rhein (CXX426)";"Rhein";"Temperatur";"2018";"10.12.2018";"-";"10";"0";"°C";"Oberflaechengewaesser";"Stichprobe"
"CXX426";"460.534";"5.481.373";"6.187";"Mannheim, Rhein (CXX426)";"Rhein";"Temperatur";"2019";"07.01.2019";"-";"7,8";"0";"°C";"Oberflaechengewaesser";"Stichprobe"
"CXX426";"460.534";"5.481.373";"6.187";"Mannheim, Rhein (CXX426)";"Rhein";"Temperatur";"2019";"21.01.2019";"-";"5,9";"0";"°C";"Oberflaechengewaesser";"Stichprobe"
"CXX426";"460.534";"5.481.373";"6.187";"Mannheim, Rhein (CXX426)";"Rhein";"Temperatur";"2019";"04.02.2019";"-";"6,4";"0";"°C";"Oberflaechengewaesser";"Stichprobe"
"CXX426";"460.534";"5.481.373";"6.187";"Mannheim, Rhein (CXX426)";"Rhein";"Temperatur";"2019";"18.02.2019";"-";"7,2";"0";"°C";"Oberflaechengewaesser";"Stichprobe"
"CXX426";"460.534";"5.481.373";"6.187";"Mannheim, Rhein (CXX426)";"Rhein";"Temperatur";"2019";"04.03.2019";"-";"8,7";"0";"°C";"Oberflaechengewaesser";"Stichprobe"
"CXX426";"460.534";"5.481.373";"6.187";"Mannheim, Rhein (CXX426)";"Rhein";"Temperatur";"2019";"18.03.2019";"-";"8,5";"0";"°C";"Oberflaechengewaesser";"Stichprobe"
"CXX426";"460.534";"5.481.373";"6.187";"Mannheim, Rhein (CXX426)";"Rhein";"Temperatur";"2019";"01.04.2019";"-";"12,5";"0";"°C";"Oberflaechengewaesser";"Stichprobe"
"CXX426";"460.534";"5.481.373";"6.187";"Mannheim, Rhein (CXX426)";"Rhein";"Temperatur";"2019";"15.04.2019";"-";"11,3";"0";"°C";"Oberflaechengewaesser";"Stichprobe"
"CXX426";"460.534";"5.481.373";"6.187";"Mannheim, Rhein (CXX426)";"Rhein";"Temperatur";"2019";"29.04.2019";"-";"15,3";"0";"°C";"Oberflaechengewaesser";"Stichprobe"
"CXX426";"460.534";"5.481.373";"6.187";"Mannheim, Rhein (CXX426)";"Rhein";"Temperatur";"2019";"13.05.2019";"-";"13,2";"0";"°C";"Oberflaechengewaesser";"Stichprobe"
"CXX426";"460.534";"5.481.373";"6.187";"Mannheim, Rhein (CXX426)";"Rhein";"Temperatur";"2019";"27.05.2019";"-";"16";"0";"°C";"Oberflaechengewaesser";"Stichprobe"
"CXX426";"460.534";"5.481.373";"6.187";"Mannheim, Rhein (CXX426)";"Rhein";"Temperatur";"2019";"11.06.2019";"-";"18,2";"0";"°C";"Oberflaechengewaesser";"Stichprobe"
"CXX426";"460.534";"5.481.373";"6.187";"Mannheim, Rhein (CXX426)";"Rhein";"Temperatur";"2019";"24.06.2019";"-";"21,2";"0";"°C";"Oberflaechengewaesser";"Stichprobe"
"CXX426";"460.534";"5.481.373";"6.187";"Mannheim, Rhein (CXX426)";"Rhein";"Temperatur";"2019";"08.07.2019";"-";"23,1";"0";"°C";"Oberflaechengewaesser";"Stichprobe"
"CXX426";"460.534";"5.481.373";"6.187";"Mannheim, Rhein (CXX426)";"Rhein";"Temperatur";"2019";"22.07.2019";"-";"24,2";"0";"°C";"Oberflaechengewaesser";"Stichprobe"
"CXX426";"460.534";"5.481.373";"6.187";"Mannheim, Rhein (CXX426)";"Rhein";"Temperatur";"2019";"05.08.2019";"-";"23,1";"0";"°C";"Oberflaechengewaesser";"Stichprobe"
"CXX426";"460.534";"5.481.373";"6.187";"Mannheim, Rhein (CXX426)";"Rhein";"Temperatur";"2019";"19.08.2019";"-";"22,6";"0";"°C";"Oberflaechengewaesser";"Stichprobe"
"CXX426";"460.534";"5.481.373";"6.187";"Mannheim, Rhein (CXX426)";"Rhein";"Temperatur";"2019";"02.09.2019";"-";"23,7";"0";"°C";"Oberflaechengewaesser";"Stichprobe"
"CXX426";"460.534";"5.481.373";"6.187";"Mannheim, Rhein (CXX426)";"Rhein";"Temperatur";"2019";"16.09.2019";"-";"21";"0";"°C";"Oberflaechengewaesser";"Stichprobe"
"CXX426";"460.534";"5.481.373";"6.187";"Mannheim, Rhein (CXX426)";"Rhein";"Temperatur";"2019";"30.09.2019";"-";"18,2";"0";"°C";"Oberflaechengewaesser";"Stichprobe"
"CXX426";"460.534";"5.481.373";"6.187";"Mannheim, Rhein (CXX426)";"Rhein";"Temperatur";"2019";"14.10.2019";"-";"16,2";"0";"°C";"Oberflaechengewaesser";"Stichprobe"
"CXX426";"460.534";"5.481.373";"6.187";"Mannheim, Rhein (CXX426)";"Rhein";"Temperatur";"2019";"28.10.2019";"-";"15";"0";"°C";"Oberflaechengewaesser";"Stichprobe"
"CXX426";"460.534";"5.481.373";"6.187";"Mannheim, Rhein (CXX426)";"Rhein";"Temperatur";"2019";"11.11.2019";"-";"11,7";"0";"°C";"Oberflaechengewaesser";"Stichprobe"
"CXX426";"460.534";"5.481.373";"6.187";"Mannheim, Rhein (CXX426)";"Rhein";"Temperatur";"2019";"25.11.2019";"-";"10,2";"0";"°C";"Oberflaechengewaesser";"Stichprobe"
"CXX426";"460.534";"5.481.373";"6.187";"Mannheim, Rhein (CXX426)";"Rhein";"Temperatur";"2019";"09.12.2019";"-";"8,3";"0";"°C";"Oberflaechengewaesser";"Stichprobe"
"CXX426";"460.534";"5.481.373";"6.187";"Mannheim, Rhein (CXX426)";"Rhein";"Temperatur";"2020";"07.01.2020";"-";"7,2";"0";"°C";"Oberflaechengewaesser";"Stichprobe"
"CXX426";"460.534";"5.481.373";"6.187";"Mannheim, Rhein (CXX426)";"Rhein";"Temperatur";"2020";"20.01.2020";"-";"7,9";"0";"°C";"Oberflaechengewaesser";"Stichprobe"
"CXX426";"460.534";"5.481.373";"6.187";"Mannheim, Rhein (CXX426)";"Rhein";"Temperatur";"2020";"03.02.2020";"-";"8,8";"0";"°C";"Oberflaechengewaesser";"Stichprobe"
"CXX426";"460.534";"5.481.373";"6.187";"Mannheim, Rhein (CXX426)";"Rhein";"Temperatur";"2020";"17.02.2020";"-";"7,8";"0";"°C";"Oberflaechengewaesser";"Stichprobe"
"CXX426";"460.534";"5.481.373";"6.187";"Mannheim, Rhein (CXX426)";"Rhein";"Temperatur";"2020";"02.03.2020";"-";"7,9";"0";"°C";"Oberflaechengewaesser";"Stichprobe"
"CXX426";"460.534";"5.481.373";"6.187";"Mannheim, Rhein (CXX426)";"Rhein";"Temperatur";"2020";"16.03.2020";"-";"9,6";"0";"°C";"Oberflaechengewaesser";"Stichprobe"
"CXX426";"460.534";"5.481.373";"6.187";"Mannheim, Rhein (CXX426)";"Rhein";"Temperatur";"2020";"30.03.2020";"-";"7,9";"0";"°C";"Oberflaechengewaesser";"Stichprobe"
"CXX426";"460.534";"5.481.373";"6.187";"Mannheim, Rhein (CXX426)";"Rhein";"Temperatur";"2020";"14.04.2020";"-";"13,3";"0";"°C";"Oberflaechengewaesser";"Stichprobe"
"CXX426";"460.534";"5.481.373";"6.187";"Mannheim, Rhein (CXX426)";"Rhein";"Temperatur";"2020";"27.04.2020";"-";"17";"0";"°C";"Oberflaechengewaesser";"Stichprobe"
"CXX426";"460.534";"5.481.373";"6.187";"Mannheim, Rhein (CXX426)";"Rhein";"Temperatur";"2020";"11.05.2020";"-";"15,9";"0";"°C";"Oberflaechengewaesser";"Stichprobe"
"CXX426";"460.534";"5.481.373";"6.187";"Mannheim, Rhein (CXX426)";"Rhein";"Temperatur";"2020";"25.05.2020";"-";"17,9";"0";"°C";"Oberflaechengewaesser";"Stichprobe"
"CXX426";"460.534";"5.481.373";"6.187";"Mannheim, Rhein (CXX426)";"Rhein";"Temperatur";"2020";"08.06.2020";"-";"19,2";"0";"°C";"Oberflaechengewaesser";"Stichprobe"
"CXX426";"460.534";"5.481.373";"6.187";"Mannheim, Rhein (CXX426)";"Rhein";"Temperatur";"2020";"22.06.2020";"-";"19,7";"0";"°C";"Oberflaechengewaesser";"Stichprobe"
"CXX426";"460.534";"5.481.373";"6.187";"Mannheim, Rhein (CXX426)";"Rhein";"Temperatur";"2020";"06.07.2020";"-";"21,4";"0";"°C";"Oberflaechengewaesser";"Stichprobe"
"CXX426";"460.534";"5.481.373";"6.187";"Mannheim, Rhein (CXX426)";"Rhein";"Temperatur";"2020";"20.07.2020";"-";"21,8";"0";"°C";"Oberflaechengewaesser";"Stichprobe"
"CXX426";"460.534";"5.481.373";"6.187";"Mannheim, Rhein (CXX426)";"Rhein";"Temperatur";"2020";"03.08.2020";"-";"23,4";"0";"°C";"Oberflaechengewaesser";"Stichprobe"
"CXX426";"460.534";"5.481.373";"6.187";"Mannheim, Rhein (CXX426)";"Rhein";"Temperatur";"2020";"17.08.2020";"-";"24,7";"0";"°C";"Oberflaechengewaesser";"Stichprobe"
"CXX426";"460.534";"5.481.373";"6.187";"Mannheim, Rhein (CXX426)";"Rhein";"Temperatur";"2020";"31.08.2020";"-";"20,8";"0";"°C";"Oberflaechengewaesser";"Stichprobe"
"CXX426";"460.534";"5.481.373";"6.187";"Mannheim, Rhein (CXX426)";"Rhein";"Temperatur";"2020";"14.09.2020";"-";"21";"0";"°C";"Oberflaechengewaesser";"Stichprobe"
"CXX426";"460.534";"5.481.373";"6.187";"Mannheim, Rhein (CXX426)";"Rhein";"Temperatur";"2020";"28.09.2020";"-";"17,6";"0";"°C";"Oberflaechengewaesser";"Stichprobe"
"CXX426";"460.534";"5.481.373";"6.187";"Mannheim, Rhein (CXX426)";"Rhein";"Temperatur";"2020";"12.10.2020";"-";"14,4";"0";"°C";"Oberflaechengewaesser";"Stichprobe"
"CXX426";"460.534";"5.481.373";"6.187";"Mannheim, Rhein (CXX426)";"Rhein";"Temperatur";"2020";"26.10.2020";"-";"13,4";"0";"°C";"Oberflaechengewaesser";"Stichprobe"
"CXX426";"460.534";"5.481.373";"6.187";"Mannheim, Rhein (CXX426)";"Rhein";"Temperatur";"2020";"09.11.2020";"-";"11,6";"0";"°C";"Oberflaechengewaesser";"Stichprobe"
"CXX426";"460.534";"5.481.373";"6.187";"Mannheim, Rhein (CXX426)";"Rhein";"Temperatur";"2020";"23.11.2020";"-";"10,5";"0";"°C";"Oberflaechengewaesser";"Stichprobe"
"CXX426";"460.534";"5.481.373";"6.187";"Mannheim, Rhein (CXX426)";"Rhein";"Temperatur";"2020";"07.12.2020";"-";"8,4";"0";"°C";"Oberflaechengewaesser";"Stichprobe"
"CXX426";"460.534";"5.481.373";"6.187";"Mannheim, Rhein (CXX426)";"Rhein";"Temperatur";"2020";"21.12.2020";"-";"7,9";"0";"°C";"Oberflaechengewaesser";"Stichprobe"
"CXX426";"460.534";"5.481.373";"6.187";"Mannheim, Rhein (CXX426)";"Rhein";"Temperatur";"2021";"04.01.2021";"-";"6,1";"0";"°C";"Oberflaechengewaesser";"Stichprobe"
"CXX426";"460.534";"5.481.373";"6.187";"Mannheim, Rhein (CXX426)";"Rhein";"Temperatur";"2021";"18.01.2021";"-";"4,8";"0";"°C";"Oberflaechengewaesser";"Stichprobe"
"CXX426";"460.534";"5.481.373";"6.187";"Mannheim, Rhein (CXX426)";"Rhein";"Temperatur";"2021";"01.02.2021";"-";"6";"0";"°C";"Oberflaechengewaesser";"Stichprobe"
"CXX426";"460.534";"5.481.373";"6.187";"Mannheim, Rhein (CXX426)";"Rhein";"Temperatur";"2021";"15.02.2021";"-";"3,3";"0";"°C";"Oberflaechengewaesser";"Stichprobe"
"CXX426";"460.534";"5.481.373";"6.187";"Mannheim, Rhein (CXX426)";"Rhein";"Temperatur";"2021";"01.03.2021";"-";"7,9";"0";"°C";"Oberflaechengewaesser";"Stichprobe"
"CXX426";"460.534";"5.481.373";"6.187";"Mannheim, Rhein (CXX426)";"Rhein";"Temperatur";"2021";"15.03.2021";"-";"7,3";"0";"°C";"Oberflaechengewaesser";"Stichprobe"
"CXX426";"460.534";"5.481.373";"6.187";"Mannheim, Rhein (CXX426)";"Rhein";"Temperatur";"2021";"29.03.2021";"-";"10,5";"0";"°C";"Oberflaechengewaesser";"Stichprobe"
"CXX426";"460.534";"5.481.373";"6.187";"Mannheim, Rhein (CXX426)";"Rhein";"Temperatur";"2021";"12.04.2021";"-";"9,9";"0";"°C";"Oberflaechengewaesser";"Stichprobe"
"CXX426";"460.534";"5.481.373";"6.187";"Mannheim, Rhein (CXX426)";"Rhein";"Temperatur";"2021";"26.04.2021";"-";"12,8";"0";"°C";"Oberflaechengewaesser";"Stichprobe"
"CXX426";"460.534";"5.481.373";"6.187";"Mannheim, Rhein (CXX426)";"Rhein";"Temperatur";"2021";"10.05.2021";"-";"13,4";"0";"°C";"Oberflaechengewaesser";"Stichprobe"
"CXX426";"460.534";"5.481.373";"6.187";"Mannheim, Rhein (CXX426)";"Rhein";"Temperatur";"2021";"25.05.2021";"-";"13";"0";"°C";"Oberflaechengewaesser";"Stichprobe"
"CXX426";"460.534";"5.481.373";"6.187";"Mannheim, Rhein (CXX426)";"Rhein";"Temperatur";"2021";"07.06.2021";"-";"17,7";"0";"°C";"Oberflaechengewaesser";"Stichprobe"
"CXX426";"460.534";"5.481.373";"6.187";"Mannheim, Rhein (CXX426)";"Rhein";"Temperatur";"2021";"21.06.2021";"-";"22,5";"0";"°C";"Oberflaechengewaesser";"Stichprobe"
"CXX426";"460.534";"5.481.373";"6.187";"Mannheim, Rhein (CXX426)";"Rhein";"Temperatur";"2021";"05.07.2021";"-";"19,4";"0";"°C";"Oberflaechengewaesser";"Stichprobe"
"CXX426";"460.534";"5.481.373";"6.187";"Mannheim, Rhein (CXX426)";"Rhein";"Temperatur";"2021";"19.07.2021";"-";"19,3";"0";"°C";"Oberflaechengewaesser";"Stichprobe"
"CXX426";"460.534";"5.481.373";"6.187";"Mannheim, Rhein (CXX426)";"Rhein";"Temperatur";"2021";"02.08.2021";"-";"20,3";"0";"°C";"Oberflaechengewaesser";"Stichprobe"
"CXX426";"460.534";"5.481.373";"6.187";"Mannheim, Rhein (CXX426)";"Rhein";"Temperatur";"2021";"16.08.2021";"-";"21,7";"0";"°C";"Oberflaechengewaesser";"Stichprobe"
"CXX426";"460.534";"5.481.373";"6.187";"Mannheim, Rhein (CXX426)";"Rhein";"Temperatur";"2021";"30.08.2021";"-";"19";"0";"°C";"Oberflaechengewaesser";"Stichprobe"
"CXX426";"460.534";"5.481.373";"6.187";"Mannheim, Rhein (CXX426)";"Rhein";"Temperatur";"2021";"13.09.2021";"-";"21,9";"0";"°C";"Oberflaechengewaesser";"Stichprobe"
"CXX426";"460.534";"5.481.373";"6.187";"Mannheim, Rhein (CXX426)";"Rhein";"Temperatur";"2021";"27.09.2021";"-";"19";"0";"°C";"Oberflaechengewaesser";"Stichprobe"
"CXX426";"460.534";"5.481.373";"6.187";"Mannheim, Rhein (CXX426)";"Rhein";"Temperatur";"2021";"11.10.2021";"-";"15,6";"0";"°C";"Oberflaechengewaesser";"Stichprobe"
"CXX426";"460.534";"5.481.373";"6.187";"Mannheim, Rhein (CXX426)";"Rhein";"Temperatur";"2021";"26.10.2021";"-";"14,2";"0";"°C";"Oberflaechengewaesser";"Stichprobe"
"CXX426";"460.534";"5.481.373";"6.187";"Mannheim, Rhein (CXX426)";"Rhein";"Temperatur";"2021";"08.11.2021";"-";"12";"0";"°C";"Oberflaechengewaesser";"Stichprobe"
"CXX426";"460.534";"5.481.373";"6.187";"Mannheim, Rhein (CXX426)";"Rhein";"Temperatur";"2021";"22.11.2021";"-";"10,8";"0";"°C";"Oberflaechengewaesser";"Stichprobe"
"CXX426";"460.534";"5.481.373";"6.187";"Mannheim, Rhein (CXX426)";"Rhein";"Temperatur";"2021";"06.12.2021";"-";"7,3";"0";"°C";"Oberflaechengewaesser";"Stichprobe"
"CXX426";"460.534";"5.481.373";"6.187";"Mannheim, Rhein (CXX426)";"Rhein";"Temperatur";"2021";"20.12.2021";"-";"7,4";"0";"°C";"Oberflaechengewaesser";"Stichprobe"
"CXX426";"460.534";"5.481.373";"6.187";"Mannheim, Rhein (CXX426)";"Rhein";"Temperatur";"2022";"03.01.2022";"-";"8,3";"0";"°C";"Oberflaechengewaesser";"Stichprobe"
"CXX426";"460.534";"5.481.373";"6.187";"Mannheim, Rhein (CXX426)";"Rhein";"Temperatur";"2022";"17.01.2022";"-";"5,2";"0";"°C";"Oberflaechengewaesser";"Stichprobe"
"CXX426";"460.534";"5.481.373";"6.187";"Mannheim, Rhein (CXX426)";"Rhein";"Temperatur";"2022";"31.01.2022";"-";"5,6";"0";"°C";"Oberflaechengewaesser";"Stichprobe"
"CXX426";"460.534";"5.481.373";"6.187";"Mannheim, Rhein (CXX426)";"Rhein";"Temperatur";"2022";"14.02.2022";"-";"6,6";"0";"°C";"Oberflaechengewaesser";"Stichprobe"
"CXX426";"460.534";"5.481.373";"6.187";"Mannheim, Rhein (CXX426)";"Rhein";"Temperatur";"2022";"28.02.2022";"-";"8,5";"0";"°C";"Oberflaechengewaesser";"Stichprobe"
"CXX426";"460.534";"5.481.373";"6.187";"Mannheim, Rhein (CXX426)";"Rhein";"Temperatur";"2022";"14.03.2022";"-";"9,6";"0";"°C";"Oberflaechengewaesser";"Stichprobe"
"CXX426";"460.534";"5.481.373";"6.187";"Mannheim, Rhein (CXX426)";"Rhein";"Temperatur";"2022";"28.03.2022";"-";"13,5";"0";"°C";"Oberflaechengewaesser";"Stichprobe"
"CXX426";"460.534";"5.481.373";"6.187";"Mannheim, Rhein (CXX426)";"Rhein";"Temperatur";"2022";"11.04.2022";"-";"8,1";"0";"°C";"Oberflaechengewaesser";"Stichprobe"
"CXX426";"460.534";"5.481.373";"6.187";"Mannheim, Rhein (CXX426)";"Rhein";"Temperatur";"2022";"25.04.2022";"-";"14,2";"0";"°C";"Oberflaechengewaesser";"Stichprobe"
"CXX426";"460.534";"5.481.373";"6.187";"Mannheim, Rhein (CXX426)";"Rhein";"Temperatur";"2022";"09.05.2022";"-";"17,1";"0";"°C";"Oberflaechengewaesser";"Stichprobe"
"CXX426";"460.534";"5.481.373";"6.187";"Mannheim, Rhein (CXX426)";"Rhein";"Temperatur";"2022";"23.05.2022";"-";"21";"0";"°C";"Oberflaechengewaesser";"Stichprobe"
"CXX426";"460.534";"5.481.373";"6.187";"Mannheim, Rhein (CXX426)";"Rhein";"Temperatur";"2022";"08.06.2022";"-";"21";"0";"°C";"Oberflaechengewaesser";"Stichprobe"
"CXX426";"460.534";"5.481.373";"6.187";"Mannheim, Rhein (CXX426)";"Rhein";"Temperatur";"2022";"20.06.2022";"-";"23,6";"0";"°C";"Oberflaechengewaesser";"Stichprobe"
"CXX426";"460.534";"5.481.373";"6.187";"Mannheim, Rhein (CXX426)";"Rhein";"Temperatur";"2022";"04.07.2022";"-";"23,1";"0";"°C";"Oberflaechengewaesser";"Stichprobe"
"CXX426";"460.534";"5.481.373";"6.187";"Mannheim, Rhein (CXX426)";"Rhein";"Temperatur";"2022";"18.07.2022";"-";"25,1";"0";"°C";"Oberflaechengewaesser";"Stichprobe"
"CXX426";"460.534";"5.481.373";"6.187";"Mannheim, Rhein (CXX426)";"Rhein";"Temperatur";"2022";"01.08.2022";"-";"26,2";"0";"°C";"Oberflaechengewaesser";"Stichprobe"
"CXX426";"460.534";"5.481.373";"6.187";"Mannheim, Rhein (CXX426)";"Rhein";"Temperatur";"2022";"15.08.2022";"-";"24,4";"0";"°C";"Oberflaechengewaesser";"Stichprobe"
"CXX426";"460.534";"5.481.373";"6.187";"Mannheim, Rhein (CXX426)";"Rhein";"Temperatur";"2022";"29.08.2022";"-";"23,2";"0";"°C";"Oberflaechengewaesser";"Stichprobe"
"CXX426";"460.534";"5.481.373";"6.187";"Mannheim, Rhein (CXX426)";"Rhein";"Temperatur";"2022";"12.09.2022";"-";"21,8";"0";"°C";"Oberflaechengewaesser";"Stichprobe"
"CXX426";"460.534";"5.481.373";"6.187";"Mannheim, Rhein (CXX426)";"Rhein";"Temperatur";"2022";"26.09.2022";"-";"18";"0";"°C";"Oberflaechengewaesser";"Stichprobe"
"CXX426";"460.534";"5.481.373";"6.187";"Mannheim, Rhein (CXX426)";"Rhein";"Temperatur";"2022";"10.10.2022";"-";"16,4";"0";"°C";"Oberflaechengewaesser";"Stichprobe"
"CXX426";"460.534";"5.481.373";"6.187";"Mannheim, Rhein (CXX426)";"Rhein";"Temperatur";"2022";"24.10.2022";"-";"16,3";"0";"°C";"Oberflaechengewaesser";"Stichprobe"
"CXX426";"460.534";"5.481.373";"6.187";"Mannheim, Rhein (CXX426)";"Rhein";"Temperatur";"2022";"07.11.2022";"-";"13,6";"0";"°C";"Oberflaechengewaesser";"Stichprobe"
"CXX426";"460.534";"5.481.373";"6.187";"Mannheim, Rhein (CXX426)";"Rhein";"Temperatur";"2022";"21.11.2022";"-";"12,2";"0";"°C";"Oberflaechengewaesser";"Stichprobe"
"CXX426";"460.534";"5.481.373";"6.187";"Mannheim, Rhein (CXX426)";"Rhein";"Temperatur";"2022";"05.12.2022";"-";"8,7";"0";"°C";"Oberflaechengewaesser";"Stichprobe"
"CXX426";"460.534";"5.481.373";"6.187";"Mannheim, Rhein (CXX426)";"Rhein";"Temperatur";"2022";"19.12.2022";"-";"5,1";"0";"°C";"Oberflaechengewaesser";"Stichprobe"
"CXX426";"460.534";"5.481.373";"6.187";"Mannheim, Rhein (CXX426)";"Rhein";"Temperatur";"2023";"02.01.2023";"-";"9,1";"0";"°C";"Oberflaechengewaesser";"Stichprobe"
"CXX426";"460.534";"5.481.373";"6.187";"Mannheim, Rhein (CXX426)";"Rhein";"Temperatur";"2023";"16.01.2023";"-";"7,7";"0";"°C";"Oberflaechengewaesser";"Stichprobe"
"CXX426";"460.534";"5.481.373";"6.187";"Mannheim, Rhein (CXX426)";"Rhein";"Temperatur";"2023";"30.01.2023";"-";"4,6";"0";"°C";"Oberflaechengewaesser";"Stichprobe"
"CXX426";"460.534";"5.481.373";"6.187";"Mannheim, Rhein (CXX426)";"Rhein";"Temperatur";"2023";"13.02.2023";"-";"7,8";"0";"°C";"Oberflaechengewaesser";"Stichprobe"
"CXX426";"460.534";"5.481.373";"6.187";"Mannheim, Rhein (CXX426)";"Rhein";"Temperatur";"2023";"27.02.2023";"-";"7";"0";"°C";"Oberflaechengewaesser";"Stichprobe"
"CXX426";"460.534";"5.481.373";"6.187";"Mannheim, Rhein (CXX426)";"Rhein";"Temperatur";"2023";"13.03.2023";"-";"9,3";"0";"°C";"Oberflaechengewaesser";"Stichprobe"
"CXX426";"460.534";"5.481.373";"6.187";"Mannheim, Rhein (CXX426)";"Rhein";"Temperatur";"2023";"27.03.2023";"-";"9,8";"0";"°C";"Oberflaechengewaesser";"Stichprobe"
"CXX426";"460.534";"5.481.373";"6.187";"Mannheim, Rhein (CXX426)";"Rhein";"Temperatur";"2023";"11.04.2023";"-";"11";"0";"°C";"Oberflaechengewaesser";"Stichprobe"
"CXX426";"460.534";"5.481.373";"6.187";"Mannheim, Rhein (CXX426)";"Rhein";"Temperatur";"2023";"24.04.2023";"-";"11,8";"0";"°C";"Oberflaechengewaesser";"Stichprobe"
"CXX426";"460.534";"5.481.373";"6.187";"Mannheim, Rhein (CXX426)";"Rhein";"Temperatur";"2023";"08.05.2023";"-";"15,2";"0";"°C";"Oberflaechengewaesser";"Stichprobe"
"CXX426";"460.534";"5.481.373";"6.187";"Mannheim, Rhein (CXX426)";"Rhein";"Temperatur";"2023";"22.05.2023";"-";"15,6";"0";"°C";"Oberflaechengewaesser";"Stichprobe"
"CXX426";"460.534";"5.481.373";"6.187";"Mannheim, Rhein (CXX426)";"Rhein";"Temperatur";"2023";"05.06.2023";"-";"20";"0";"°C";"Oberflaechengewaesser";"Stichprobe"
"CXX426";"460.534";"5.481.373";"6.187";"Mannheim, Rhein (CXX426)";"Rhein";"Temperatur";"2023";"19.06.2023";"-";"23,6";"0";"°C";"Oberflaechengewaesser";"Stichprobe"
"CXX426";"460.534";"5.481.373";"6.187";"Mannheim, Rhein (CXX426)";"Rhein";"Temperatur";"2023";"03.07.2023";"-";"21,8";"0";"°C";"Oberflaechengewaesser";"Stichprobe"
"CXX426";"460.534";"5.481.373";"6.187";"Mannheim, Rhein (CXX426)";"Rhein";"Temperatur";"2023";"17.07.2023";"-";"24";"0";"°C";"Oberflaechengewaesser";"Stichprobe"
"CXX426";"460.534";"5.481.373";"6.187";"Mannheim, Rhein (CXX426)";"Rhein";"Temperatur";"2023";"31.07.2023";"-";"21,7";"0";"°C";"Oberflaechengewaesser";"Stichprobe"
"CXX426";"460.534";"5.481.373";"6.187";"Mannheim, Rhein (CXX426)";"Rhein";"Temperatur";"2023";"14.08.2023";"-";"21,8";"0";"°C";"Oberflaechengewaesser";"Stichprobe"
"CXX426";"460.534";"5.481.373";"6.187";"Mannheim, Rhein (CXX426)";"Rhein";"Temperatur";"2023";"28.08.2023";"-";"22,3";"0";"°C";"Oberflaechengewaesser";"Stichprobe"
"CXX426";"460.534";"5.481.373";"6.187";"Mannheim, Rhein (CXX426)";"Rhein";"Temperatur";"2023";"11.09.2023";"-";"22,3";"0";"°C";"Oberflaechengewaesser";"Stichprobe"
"CXX426";"460.534";"5.481.373";"6.187";"Mannheim, Rhein (CXX426)";"Rhein";"Temperatur";"2023";"25.09.2023";"-";"20,1";"0";"°C";"Oberflaechengewaesser";"Stichprobe"
"CXX426";"460.534";"5.481.373";"6.187";"Mannheim, Rhein (CXX426)";"Rhein";"Temperatur";"2023";"09.10.2023";"-";"18,6";"0";"°C";"Oberflaechengewaesser";"Stichprobe"
"CXX426";"460.534";"5.481.373";"6.187";"Mannheim, Rhein (CXX426)";"Rhein";"Temperatur";"2023";"23.10.2023";"-";"14,8";"0";"°C";"Oberflaechengewaesser";"Stichprobe"
"CXX426";"460.534";"5.481.373";"6.187";"Mannheim, Rhein (CXX426)";"Rhein";"Temperatur";"2023";"06.11.2023";"-";"12";"0";"°C";"Oberflaechengewaesser";"Stichprobe"
"CXX426";"460.534";"5.481.373";"6.187";"Mannheim, Rhein (CXX426)";"Rhein";"Temperatur";"2023";"22.11.2023";"-";"10";"0";"°C";"Oberflaechengewaesser";"Stichprobe"
"CXX426";"460.534";"5.481.373";"6.187";"Mannheim, Rhein (CXX426)";"Rhein";"Temperatur";"2023";"04.12.2023";"-";"5,5";"0";"°C";"Oberflaechengewaesser";"Stichprobe"
"CXX426";"460.534";"5.481.373";"6.187";"Mannheim, Rhein (CXX426)";"Rhein";"Temperatur";"2023";"18.12.2023";"-";"7,7";"0";"°C";"Oberflaechengewaesser";"Stichprobe"
"CXX426";"460.534";"5.481.373";"6.187";"Mannheim, Rhein (CXX426)";"Rhein";"Temperatur";"2024";"08.01.2024";"-";"5,9";"0";"°C";"Oberflaechengewaesser";"Stichprobe"
"CXX426";"460.534";"5.481.373";"6.187";"Mannheim, Rhein (CXX426)";"Rhein";"Temperatur";"2024";"22.01.2024";"-";"5,1";"0";"°C";"Oberflaechengewaesser";"Stichprobe"
"CXX426";"460.534";"5.481.373";"6.187";"Mannheim, Rhein (CXX426)";"Rhein";"Temperatur";"2024";"05.02.2024";"-";"7,9";"0";"°C";"Oberflaechengewaesser";"Stichprobe"
"CXX426";"460.534";"5.481.373";"6.187";"Mannheim, Rhein (CXX426)";"Rhein";"Temperatur";"2024";"19.02.2024";"-";"9,1";"0";"°C";"Oberflaechengewaesser";"Stichprobe"
"CXX426";"460.534";"5.481.373";"6.187";"Mannheim, Rhein (CXX426)";"Rhein";"Temperatur";"2024";"04.03.2024";"-";"8,9";"0";"°C";"Oberflaechengewaesser";"Stichprobe"
"CXX426";"460.534";"5.481.373";"6.187";"Mannheim, Rhein (CXX426)";"Rhein";"Temperatur";"2024";"18.03.2024";"-";"10,2";"0";"°C";"Oberflaechengewaesser";"Stichprobe"
"CXX426";"460.534";"5.481.373";"6.187";"Mannheim, Rhein (CXX426)";"Rhein";"Temperatur";"2024";"03.04.2024";"-";"10,5";"0";"°C";"Oberflaechengewaesser";"Stichprobe"
"CXX426";"460.534";"5.481.373";"6.187";"Mannheim, Rhein (CXX426)";"Rhein";"Temperatur";"2024";"15.04.2024";"-";"13,8";"0";"°C";"Oberflaechengewaesser";"Stichprobe"
"CXX426";"460.534";"5.481.373";"6.187";"Mannheim, Rhein (CXX426)";"Rhein";"Temperatur";"2024";"29.04.2024";"-";"13,1";"0";"°C";"Oberflaechengewaesser";"Stichprobe"
"CXX426";"460.534";"5.481.373";"6.187";"Mannheim, Rhein (CXX426)";"Rhein";"Temperatur";"2024";"13.05.2024";"-";"15,7";"0";"°C";"Oberflaechengewaesser";"Stichprobe"
"CXX426";"460.534";"5.481.373";"6.187";"Mannheim, Rhein (CXX426)";"Rhein";"Temperatur";"2024";"27.05.2024";"-";"16,6";"0";"°C";"Oberflaechengewaesser";"Stichprobe"
"CXX426";"460.534";"5.481.373";"6.187";"Mannheim, Rhein (CXX426)";"Rhein";"Temperatur";"2024";"10.06.2024";"-";"18";"0";"°C";"Oberflaechengewaesser";"Stichprobe"
"CXX426";"460.534";"5.481.373";"6.187";"Mannheim, Rhein (CXX426)";"Rhein";"Temperatur";"2024";"24.06.2024";"-";"20,5";"0";"°C";"Oberflaechengewaesser";"Stichprobe"
"CXX426";"460.534";"5.481.373";"6.187";"Mannheim, Rhein (CXX426)";"Rhein";"Temperatur";"2024";"08.07.2024";"-";"19,5";"0";"°C";"Oberflaechengewaesser";"Stichprobe"
"CXX426";"460.534";"5.481.373";"6.187";"Mannheim, Rhein (CXX426)";"Rhein";"Temperatur";"2024";"22.07.2024";"-";"23,1";"0";"°C";"Oberflaechengewaesser";"Stichprobe"
"CXX426";"460.534";"5.481.373";"6.187";"Mannheim, Rhein (CXX426)";"Rhein";"Temperatur";"2024";"05.08.2024";"-";"23,3";"0";"°C";"Oberflaechengewaesser";"Stichprobe"
"CXX426";"460.534";"5.481.373";"6.187";"Mannheim, Rhein (CXX426)";"Rhein";"Temperatur";"2024";"20.08.2024";"-";"23,6";"0";"°C";"Oberflaechengewaesser";"Stichprobe"
"CXX426";"460.534";"5.481.373";"6.187";"Mannheim, Rhein (CXX426)";"Rhein";"Temperatur";"2024";"02.09.2024";"-";"23,8";"0";"°C";"Oberflaechengewaesser";"Stichprobe"
"CXX426";"460.534";"5.481.373";"6.187";"Mannheim, Rhein (CXX426)";"Rhein";"Temperatur";"2024";"16.09.2024";"-";"17,7";"0";"°C";"Oberflaechengewaesser";"Stichprobe"
"CXX426";"460.534";"5.481.373";"6.187";"Mannheim, Rhein (CXX426)";"Rhein";"Temperatur";"2024";"01.10.2024";"-";"15,9";"0";"°C";"Oberflaechengewaesser";"Stichprobe"
"CXX426";"460.534";"5.481.373";"6.187";"Mannheim, Rhein (CXX426)";"Rhein";"Temperatur";"2024";"14.10.2024";"-";"13,6";"0";"°C";"Oberflaechengewaesser";"Stichprobe"
"CXX426";"460.534";"5.481.373";"6.187";"Mannheim, Rhein (CXX426)";"Rhein";"Temperatur";"2024";"28.10.2024";"-";"14,8";"0";"°C";"Oberflaechengewaesser";"Stichprobe"
"CXX426";"460.534";"5.481.373";"6.187";"Mannheim, Rhein (CXX426)";"Rhein";"Temperatur";"2024";"11.11.2024";"-";"11,4";"0";"°C";"Oberflaechengewaesser";"Stichprobe"
"CXX426";"460.534";"5.481.373";"6.187";"Mannheim, Rhein (CXX426)";"Rhein";"Temperatur";"2024";"25.11.2024";"-";"9,6";"0";"°C";"Oberflaechengewaesser";"Stichprobe"
"CXX426";"460.534";"5.481.373";"6.187";"Mannheim, Rhein (CXX426)";"Rhein";"Temperatur";"2024";"09.12.2024";"-";"7,6";"0";"°C";"Oberflaechengewaesser";"Stichprobe"
"CXX426";"460.534";"5.481.373";"6.187";"Mannheim, Rhein (CXX426)";"Rhein";"Temperatur";"2025";"07.01.2025";"-";"5,9";"0";"°C";"Oberflaechengewaesser";"Stichprobe"
"CXX426";"460.534";"5.481.373";"6.187";"Mannheim, Rhein (CXX426)";"Rhein";"Temperatur";"2025";"20.01.2025";"-";"4,7";"0";"°C";"Oberflaechengewaesser";"Stichprobe"
"CXX426";"460.534";"5.481.373";"6.187";"Mannheim, Rhein (CXX426)";"Rhein";"Temperatur";"2025";"03.02.2025";"-";"5,4";"0";"°C";"Oberflaechengewaesser";"Stichprobe"
"CXX426";"460.534";"5.481.373";"6.187";"Mannheim, Rhein (CXX426)";"Rhein";"Temperatur";"2025";"17.02.2025";"-";"5,3";"0";"°C";"Oberflaechengewaesser";"Stichprobe"
"CXX426";"460.534";"5.481.373";"6.187";"Mannheim, Rhein (CXX426)";"Rhein";"Temperatur";"2025";"03.03.2025";"-";"7,5";"0";"°C";"Oberflaechengewaesser";"Stichprobe"
"CXX426";"460.534";"5.481.373";"6.187";"Mannheim, Rhein (CXX426)";"Rhein";"Temperatur";"2025";"17.03.2025";"-";"8,1";"0";"°C";"Oberflaechengewaesser";"Stichprobe"
"CXX426";"460.534";"5.481.373";"6.187";"Mannheim, Rhein (CXX426)";"Rhein";"Temperatur";"2025";"31.03.2025";"-";"11,3";"0";"°C";"Oberflaechengewaesser";"Stichprobe"
"CXX426";"460.534";"5.481.373";"6.187";"Mannheim, Rhein (CXX426)";"Rhein";"Temperatur";"2025";"14.04.2025";"-";"15,8";"0";"°C";"Oberflaechengewaesser";"Stichprobe"
"CXX426";"460.534";"5.481.373";"6.187";"Mannheim, Rhein (CXX426)";"Rhein";"Temperatur";"2025";"28.04.2025";"-";"16";"0";"°C";"Oberflaechengewaesser";"Stichprobe"
"CXX426";"460.534";"5.481.373";"6.187";"Mannheim, Rhein (CXX426)";"Rhein";"Temperatur";"2025";"26.05.2025";"-";"18,2";"0";"°C";"Oberflaechengewaesser";"Stichprobe"
"CXX426";"460.534";"5.481.373";"6.187";"Mannheim, Rhein (CXX426)";"Rhein";"Temperatur";"2025";"12.06.2025";"-";"20";"0";"°C";"Oberflaechengewaesser";"Stichprobe"
"CXX426";"460.534";"5.481.373";"6.187";"Mannheim, Rhein (CXX426)";"Rhein";"Temperatur";"2025";"23.06.2025";"-";"23,5";"0";"°C";"Oberflaechengewaesser";"Stichprobe"
"CXX426";"460.534";"5.481.373";"6.187";"Mannheim, Rhein (CXX426)";"Rhein";"Temperatur";"2025";"07.07.2025";"-";"24";"0";"°C";"Oberflaechengewaesser";"Stichprobe"
"CXX426";"460.534";"5.481.373";"6.187";"Mannheim, Rhein (CXX426)";"Rhein";"Temperatur";"2025";"21.07.2025";"-";"22,9";"0";"°C";"Oberflaechengewaesser";"Stichprobe"
"CXX426";"460.534";"5.481.373";"6.187";"Mannheim, Rhein (CXX426)";"Rhein";"Temperatur";"2025";"04.08.2025";"-";"20";"0";"°C";"Oberflaechengewaesser";"Stichprobe"
"CXX426";"460.534";"5.481.373";"6.187";"Mannheim, Rhein (CXX426)";"Rhein";"Temperatur";"2025";"18.08.2025";"-";"23,2";"0";"°C";"Oberflaechengewaesser";"Stichprobe"
"CXX426";"460.534";"5.481.373";"6.187";"Mannheim, Rhein (CXX426)";"Rhein";"Temperatur";"2025";"01.09.2025";"-";"21,1";"0";"°C";"Oberflaechengewaesser";"Stichprobe"
"CXX426";"460.534";"5.481.373";"6.187";"Mannheim, Rhein (CXX426)";"Rhein";"Temperatur";"2025";"15.09.2025";"-";"19,6";"0";"°C";"Oberflaechengewaesser";"Stichprobe"
"CXX426";"460.534";"5.481.373";"6.187";"Mannheim, Rhein (CXX426)";"Rhein";"Temperatur";"2025";"30.09.2025";"-";"16,7";"0";"°C";"Oberflaechengewaesser";"Stichprobe"
"CXX426";"460.534";"5.481.373";"6.187";"Mannheim, Rhein (CXX426)";"Rhein";"Temperatur";"2025";"14.10.2025";"-";"16";"0";"°C";"Oberflaechengewaesser";"Stichprobe"
"CXX426";"460.534";"5.481.373";"6.187";"Mannheim, Rhein (CXX426)";"Rhein";"Temperatur";"2025";"27.10.2025";"-";"12";"0";"°C";"Oberflaechengewaesser";"Stichprobe"
"CXX426";"460.534";"5.481.373";"6.187";"Mannheim, Rhein (CXX426)";"Rhein";"Temperatur";"2025";"10.11.2025";"-";"10,8";"0";"°C";"Oberflaechengewaesser";"Stichprobe"
"CXX426";"460.534";"5.481.373";"6.187";"Mannheim, Rhein (CXX426)";"Rhein";"Temperatur";"2025";"24.11.2025";"-";"8";"0";"°C";"Oberflaechengewaesser";"Stichprobe"
"CXX426";"460.534";"5.481.373";"6.187";"Mannheim, Rhein (CXX426)";"Rhein";"Temperatur";"2025";"08.12.2025";"-";"9,4";"0";"°C";"Oberflaechengewaesser";"Stichprobe"
"CXX426";"460.534";"5.481.373";"6.187";"Mannheim, Rhein (CXX426)";"Rhein";"Temperatur";"2025";"22.12.2025";"-";"7,5";"0";"°C";"Oberflaechengewaesser";"Stichprobe"